CAT1,CAT2,DA1,DA2,DA3,FAT,LAB1,LAB2,LAB3,LAB4,LAB5,LAB6,LFAT,REV1,REV2,REV3
6,9,8,9,7,33,10,8,9,7,7,10,32,16,30,43
6,6,10,8,9,35,10,9,9,9,10,7,32,18,29,44
5,8,8,9,8,37,9,7,8,10,7,9,31,20,27,44
10,5,7,9,8,52,8,9,7,9,9,7,31,16,30,44
5,5,7,10,8,41,8,9,9,8,7,7,32,17,27,43
5,7,9,8,10,53,9,7,8,10,10,7,32,17,23,46
7,5,7,7,7,53,10,7,8,7,10,7,32,18,23,43
7,6,9,9,9,42,7,9,7,9,9,10,30,20,26,44
10,10,8,10,9,53,10,8,9,9,7,10,31,18,29,44
9,6,10,7,8,53,7,9,7,10,10,10,32,20,28,44
6,8,7,10,7,43,8,8,9,8,10,9,30,18,25,43
5,10,7,10,7,49,9,10,10,8,7,8,30,19,30,44
8,7,7,9,8,55,7,10,10,7,9,7,32,19,29,44
6,7,7,9,10,40,10,7,8,7,10,9,31,20,28,46
8,9,8,7,8,40,8,9,7,8,8,8,32,18,24,43
8,10,9,7,9,43,9,9,10,10,7,9,32,20,30,46
8,10,9,7,9,54,9,8,8,10,10,8,32,17,28,45
8,8,8,9,7,45,8,9,10,10,9,7,30,20,25,43
6,7,10,9,10,54,10,9,10,9,7,8,32,16,29,46
10,9,7,9,9,40,7,8,10,10,8,10,32,19,23,45
6,9,9,10,10,42,7,7,7,9,9,9,30,19,24,44
5,8,8,8,10,40,9,10,8,10,8,7,32,18,29,44
6,9,9,8,7,51,7,9,7,8,9,10,32,18,23,46
6,7,7,10,8,43,8,8,10,7,10,7,30,19,23,43
7,8,10,7,7,51,7,8,9,9,8,7,32,19,30,44
7,9,8,8,7,55,9,8,10,10,8,8,30,18,24,45
10,7,9,7,9,51,9,10,7,10,9,7,31,20,27,43
5,7,9,9,9,46,7,9,8,7,8,8,30,16,23,45
8,8,7,8,7,52,8,9,7,10,10,8,31,18,27,43
8,9,9,8,9,50,8,8,7,8,8,9,31,17,23,44
7,9,10,7,10,53,9,7,7,7,10,8,30,20,26,45
10,6,7,10,10,48,7,8,10,7,9,8,30,17,25,46
10,9,8,8,10,54,7,7,7,7,8,10,32,16,27,43
8,8,8,10,8,41,8,7,8,7,8,8,32,20,27,44
6,5,8,7,9,48,8,8,10,9,8,10,32,18,26,46
8,7,9,7,8,53,8,9,7,8,8,9,30,15,23,44
10,9,7,10,8,50,7,9,7,8,9,10,32,19,29,46
10,8,7,9,10,44,9,9,8,8,10,8,32,18,29,45
8,10,9,10,10,53,10,8,7,8,8,9,32,20,30,43
6,6,10,7,9,54,8,7,10,7,9,8,30,16,28,44
7,7,9,10,7,42,9,9,10,8,8,10,30,15,23,46
8,9,9,8,9,55,9,8,9,9,10,10,31,15,23,45
7,10,8,8,7,45,9,7,10,8,9,9,30,18,25,43
9,8,7,7,7,50,9,8,9,7,9,10,30,17,27,45
9,10,8,10,9,41,7,10,8,9,9,9,32,17,25,46
5,7,10,8,8,47,9,9,10,9,9,8,31,17,30,45
9,5,8,9,10,51,8,9,9,10,9,10,30,18,30,46
9,9,10,8,8,47,9,7,8,10,8,10,30,19,27,44
8,7,7,8,7,40,10,9,9,10,10,8,30,19,23,45
6,6,9,10,9,48,10,10,10,7,8,9,31,18,29,46
7,10,8,10,7,46,10,9,7,10,10,7,31,16,30,43
8,9,9,10,9,54,7,10,10,7,10,10,31,16,29,43
10,7,10,7,10,48,10,9,9,9,9,8,31,18,29,45
7,7,9,8,7,46,8,7,10,7,8,10,30,15,25,46
5,7,7,9,10,41,7,10,9,7,10,8,32,18,30,44
8,8,9,10,7,50,8,7,8,10,9,9,30,15,23,45
5,10,7,8,7,40,7,7,7,8,8,9,32,18,23,46
10,8,9,7,8,42,9,9,10,8,9,7,31,17,27,43
7,5,10,8,9,45,9,10,7,8,10,9,32,18,25,46
8,8,8,8,8,50,7,7,8,10,7,10,30,18,30,44
6,7,7,9,7,55,7,10,9,10,10,10,32,19,30,43
7,10,9,9,7,43,10,9,8,7,10,8,31,19,30,46
7,9,8,10,7,50,9,7,7,8,9,8,31,17,24,44
5,10,10,7,7,48,10,7,8,10,7,9,31,20,30,44
6,10,9,10,10,51,8,9,10,9,10,10,31,19,25,46
5,10,10,8,9,51,8,9,7,7,8,7,30,17,30,46
10,8,9,9,10,44,10,10,9,7,9,8,30,18,27,43
10,6,7,9,7,53,10,8,8,10,8,9,30,19,27,44
9,9,7,7,7,50,7,9,8,7,9,7,30,15,26,43
10,9,10,10,8,41,8,7,9,9,9,7,30,16,28,45
9,9,10,8,8,43,9,10,7,10,7,10,30,17,30,46
10,8,8,9,8,54,8,7,10,8,9,10,32,20,25,45
6,9,7,7,8,42,10,8,7,10,8,9,30,20,23,43
6,5,10,9,9,54,7,10,10,8,10,7,31,15,25,45
5,6,8,9,10,53,8,9,8,10,7,7,31,17,23,45
6,8,8,7,10,42,9,7,9,10,7,8,32,20,28,43
5,10,8,7,9,55,7,9,10,10,9,8,31,20,30,44
10,7,8,7,10,46,7,10,10,7,9,7,30,16,24,45
9,10,10,8,9,40,7,8,10,7,7,9,31,18,26,46
5,10,9,7,7,43,8,7,10,8,9,10,31,20,27,45
7,10,8,9,10,48,7,8,10,7,8,8,31,18,24,46
8,9,10,8,8,41,8,7,10,7,10,9,31,16,30,46
8,5,8,7,10,42,10,9,8,9,9,7,31,20,24,43
8,9,8,10,10,42,7,10,10,10,7,10,31,19,26,46
5,10,7,8,8,40,8,7,9,7,8,9,30,15,26,43
7,9,9,7,9,52,8,10,9,8,8,7,31,20,30,43
9,7,10,7,9,48,9,7,7,10,10,9,31,19,23,46
8,9,10,7,7,49,10,10,7,10,9,7,31,18,26,43
7,8,10,7,7,54,10,9,8,10,9,7,31,20,26,44
7,10,10,7,7,40,7,8,7,8,10,8,32,20,27,46
7,5,9,8,7,47,10,7,8,7,9,8,30,18,29,45
9,5,7,7,10,40,10,8,8,8,10,10,32,19,26,43
9,10,10,8,10,42,8,8,10,9,8,7,30,20,30,45
6,6,10,9,9,47,9,10,10,7,10,10,32,16,27,45
5,7,8,9,8,52,10,9,7,8,8,10,31,20,28,43
6,9,7,8,8,42,8,7,7,9,7,7,31,19,23,43
6,7,10,9,10,43,9,8,9,7,7,8,31,15,30,44
10,8,9,7,10,55,9,8,10,7,7,9,31,19,27,46
9,7,8,9,10,49,7,9,9,9,9,7,30,16,29,44
5,8,8,8,7,45,8,9,8,8,7,10,31,17,24,45
6,8,9,9,10,55,10,8,8,7,7,9,32,18,26,44
8,7,8,7,10,47,8,7,10,8,10,7,30,18,24,44
10,9,10,9,7,52,10,10,8,10,8,10,31,19,29,43
5,9,9,10,9,53,10,10,8,9,10,9,30,15,29,46
6,6,9,8,8,49,9,9,8,9,10,7,31,18,29,44
6,8,8,10,9,49,8,7,8,10,8,7,32,20,26,43
10,7,8,8,7,55,10,9,7,8,8,7,32,15,29,45
9,7,9,8,8,55,8,10,10,9,10,9,31,19,25,45
10,7,9,9,7,44,8,10,8,7,10,8,32,17,26,45
7,10,8,7,10,48,9,10,8,8,10,7,30,17,27,46
8,10,7,8,10,52,7,7,10,9,10,7,30,20,23,43
9,5,8,7,10,48,8,10,8,10,8,9,30,17,25,46
5,10,7,9,9,49,8,8,7,7,9,7,32,16,28,44
9,5,8,9,10,52,10,10,7,9,9,9,31,18,28,43
6,9,7,9,8,40,8,9,10,10,8,7,31,17,27,46
9,7,7,10,7,43,8,10,8,9,10,8,31,16,30,46
8,5,8,10,9,55,9,9,8,8,10,8,32,17,27,46
9,10,9,9,8,50,7,10,10,9,10,8,31,20,29,45
6,8,7,8,8,49,7,8,9,8,8,8,31,17,24,43
6,7,9,7,9,47,9,7,8,10,8,10,31,17,27,45
5,9,10,7,9,42,9,7,8,9,8,7,30,17,25,44
5,6,7,10,10,49,10,7,9,8,9,10,30,20,28,43
7,9,7,7,7,42,8,10,9,10,8,10,31,15,28,43
9,6,10,7,8,49,9,9,8,8,7,10,30,15,27,43
5,5,10,10,7,40,10,10,7,7,8,8,31,20,25,46
8,9,8,8,7,55,10,7,10,8,10,8,32,17,29,44
5,9,9,7,10,40,10,7,10,8,10,8,31,20,30,45
8,10,10,10,10,41,7,10,8,10,8,7,32,17,28,45
6,10,8,7,9,45,7,7,9,9,7,9,32,19,26,43
9,7,10,8,10,50,9,7,7,10,7,9,30,17,25,46
6,7,7,10,8,40,9,8,10,8,9,8,32,18,30,46
7,10,9,8,7,43,9,9,7,10,9,10,30,19,24,44
7,10,7,8,10,45,9,7,9,9,9,10,30,16,29,46
6,10,7,8,9,40,10,8,8,7,10,7,31,20,24,45
10,8,10,8,10,49,8,9,8,10,7,9,30,20,27,45
9,6,8,10,8,50,9,7,9,10,8,10,30,19,29,43
5,5,8,8,8,48,7,10,9,7,9,10,31,16,30,44
8,8,8,7,9,41,7,9,8,9,7,9,30,18,28,43
8,10,8,10,10,42,9,7,7,7,10,9,32,17,25,45
8,7,7,7,9,50,7,7,8,9,8,8,31,16,27,44
6,5,7,8,10,48,9,10,9,8,8,8,30,18,30,45
7,10,9,8,8,41,9,10,10,10,9,7,31,16,26,43
8,6,8,9,9,53,10,9,8,8,10,7,32,19,29,45
6,7,7,10,9,55,9,9,10,10,8,9,30,20,27,44
10,9,9,8,7,55,7,9,7,7,9,10,31,19,23,44
6,9,9,10,8,51,10,10,7,9,8,10,31,20,29,43
8,5,8,8,7,44,10,9,8,7,10,7,31,19,28,44
6,9,7,10,9,42,9,10,8,9,7,8,31,16,26,44
10,7,10,10,10,55,7,8,9,9,8,9,32,19,25,46
10,10,7,7,8,52,7,9,10,8,9,7,30,15,27,43
8,6,7,10,7,45,9,9,9,10,9,8,30,18,30,45
7,9,8,7,9,42,10,7,10,9,7,7,30,19,24,45
5,6,8,9,7,40,9,7,7,10,8,8,32,20,26,46
10,10,7,7,9,44,8,7,8,7,8,10,32,20,23,44
6,8,7,8,7,54,9,9,7,7,9,10,31,20,25,43
5,5,9,7,7,50,8,10,10,7,10,10,30,17,24,45
8,10,9,9,7,46,9,7,10,10,9,8,32,18,27,44
10,5,10,7,10,45,8,8,9,9,8,9,30,20,27,43
7,5,10,8,10,54,10,9,9,9,7,8,30,16,28,44
8,5,9,7,9,52,8,8,8,8,8,9,30,16,25,44
5,9,8,7,9,48,10,8,9,9,7,7,31,17,26,44
10,7,7,8,8,46,9,10,10,8,7,7,32,15,30,46
7,7,10,10,7,51,8,7,8,10,10,7,30,17,25,45
9,9,8,7,8,43,8,7,9,9,9,7,32,15,24,45
5,8,8,8,9,43,9,10,10,8,9,8,32,20,29,44
10,9,7,8,7,43,7,9,9,10,9,10,31,17,24,44
6,5,9,7,8,54,9,9,7,10,8,7,32,15,25,44
10,5,10,10,8,48,10,7,7,7,7,7,30,17,29,46
7,7,8,8,10,54,8,8,8,8,9,8,32,15,23,45
9,9,10,10,8,45,8,7,8,9,8,8,31,15,27,46
10,6,10,9,7,52,8,9,9,8,8,8,32,18,25,45
6,6,10,7,7,41,7,10,10,8,8,7,32,17,29,43
6,8,8,8,7,46,9,7,7,7,8,10,31,17,30,44
7,5,9,10,7,44,8,7,7,7,9,8,30,17,29,46
5,9,7,10,8,43,8,8,7,10,9,7,31,17,28,46
7,7,10,7,7,50,10,7,8,7,7,7,31,16,25,46
7,9,9,7,10,41,9,9,8,9,9,7,31,17,26,46
7,5,9,10,9,51,7,10,10,7,8,10,31,18,29,45
6,10,9,8,8,40,7,9,8,7,9,9,30,19,28,46
5,10,10,7,8,45,7,7,10,9,9,7,30,16,29,46
8,10,10,9,7,41,7,7,9,9,9,9,30,20,29,43
8,7,10,7,9,50,7,7,8,8,9,10,32,15,26,46
5,5,9,9,10,52,9,9,7,7,8,7,30,15,23,46
5,6,7,10,9,48,10,7,9,10,10,7,30,16,23,43
5,9,7,8,7,48,7,8,8,7,10,9,31,17,26,43
6,9,8,8,9,48,10,10,8,7,9,8,30,16,26,43
6,5,8,10,8,46,7,7,8,8,10,9,30,15,26,45
8,5,7,8,8,50,10,7,10,10,7,9,30,19,29,46
9,6,7,7,9,47,8,8,10,7,7,10,31,20,26,44
7,5,10,8,7,45,9,9,8,8,8,8,31,18,23,46
10,10,9,10,8,50,7,8,9,9,10,10,32,18,27,44
7,10,9,8,9,40,8,7,7,9,10,9,31,15,27,45
5,8,7,8,10,53,7,7,10,8,7,7,31,16,27,44
5,5,9,7,7,55,8,8,8,8,9,8,30,20,23,43
6,7,9,7,8,51,9,10,10,9,7,8,30,19,26,43
6,8,7,9,7,50,9,8,8,10,10,9,30,15,23,44
8,8,7,9,9,46,9,7,7,7,7,10,32,18,28,44
6,10,9,7,8,51,10,8,10,10,10,8,30,20,23,43
6,7,10,7,8,42,7,10,10,9,9,10,31,18,28,45
10,8,8,10,9,50,9,9,9,10,7,8,31,19,23,46
16,14,9,9,7,68,9,8,8,7,10,10,30,18,30,47
18,16,10,9,10,57,9,9,10,7,8,9,31,19,27,48
11,15,8,8,10,72,8,7,10,8,10,9,30,19,24,48
16,18,8,10,9,77,10,10,7,8,10,7,30,15,27,48
16,19,7,10,10,58,8,9,7,8,7,10,30,20,24,48
13,18,7,7,7,62,9,8,7,10,9,10,30,19,25,48
19,12,10,7,7,63,7,8,10,9,10,8,31,15,26,48
14,13,10,8,7,56,7,8,8,9,7,10,32,19,30,47
11,14,8,8,10,57,8,7,9,7,8,9,32,18,26,48
11,14,7,10,10,65,7,8,10,9,7,10,31,17,29,47
18,20,7,9,10,73,10,9,10,7,10,10,30,16,23,47
11,17,8,9,7,65,9,10,10,9,10,9,30,18,29,48
14,20,10,10,10,69,8,9,8,9,8,10,31,15,29,47
15,13,9,7,10,65,8,8,10,7,10,10,32,20,28,47
20,16,10,7,9,63,10,10,10,10,7,9,30,16,30,47
18,20,10,10,8,76,10,10,8,9,8,8,30,16,26,47
18,20,9,8,7,63,8,9,9,9,7,7,31,18,26,47
11,19,7,10,10,61,10,8,8,10,9,7,32,15,29,47
16,15,9,10,9,75,10,10,7,7,8,8,30,16,29,47
16,12,9,7,8,68,10,8,7,10,9,10,31,20,29,48
11,12,9,7,8,65,8,8,8,9,10,7,30,17,29,48
18,18,8,9,7,59,7,9,9,7,10,7,31,20,26,48
19,16,10,9,10,77,8,10,7,8,9,10,32,19,23,48
12,19,10,9,7,61,10,8,8,8,9,10,30,20,27,48
19,19,9,10,7,61,10,9,8,9,8,8,31,19,23,48
15,14,7,10,10,79,10,8,7,8,10,7,32,16,26,48
18,14,10,9,9,72,9,9,9,7,7,7,31,20,27,47
19,11,9,9,8,59,10,7,8,8,8,7,31,15,30,48
16,19,10,9,9,64,8,9,7,7,7,10,32,18,27,47
15,20,9,10,10,68,10,9,7,7,8,7,32,17,27,47
17,13,7,7,10,56,10,10,7,9,10,8,30,16,28,48
17,15,7,7,9,57,8,10,9,10,7,9,30,15,28,47
17,13,9,10,8,78,9,9,7,8,8,9,31,19,29,47
11,14,10,7,10,62,9,7,8,9,7,9,32,18,25,47
16,16,7,10,8,62,8,8,9,8,8,9,32,19,29,48
11,20,7,10,7,62,8,8,9,10,8,7,31,16,23,47
15,11,7,9,8,57,10,7,8,10,8,7,31,16,25,48
11,16,9,9,9,75,7,9,7,7,7,8,31,16,26,47
20,14,10,9,10,71,7,9,10,8,10,9,31,19,23,48
14,15,7,10,8,67,7,9,10,8,9,10,31,15,27,47
14,18,9,8,9,57,8,8,10,7,7,7,31,18,27,47
19,13,7,9,8,75,10,7,10,7,10,7,32,20,23,48
12,17,10,9,7,68,7,8,9,10,8,10,32,15,24,48
15,19,9,9,9,76,7,9,7,10,8,10,30,15,26,47
14,13,10,9,8,56,10,7,10,10,10,9,31,16,26,48
17,13,10,10,9,73,10,10,7,8,9,8,30,19,28,48
20,14,10,10,8,73,9,7,8,7,7,7,32,18,24,47
12,15,9,8,9,63,10,9,9,8,8,7,31,17,29,48
19,11,7,9,7,79,8,9,10,8,9,8,30,16,29,47
12,15,10,7,7,72,7,9,8,7,10,9,32,15,23,47
15,18,9,7,8,76,10,9,9,7,8,9,32,16,23,47
14,19,9,9,8,65,10,9,9,9,10,10,31,18,28,48
18,16,9,7,10,72,7,7,9,9,7,8,30,20,29,48
18,11,7,10,7,72,10,7,8,10,10,8,32,20,30,48
11,15,7,9,10,63,9,10,7,9,9,9,30,17,25,47
15,18,9,9,8,70,10,9,10,9,10,8,30,20,30,47
11,12,10,7,8,57,8,8,8,8,7,10,31,20,27,48
15,12,8,7,9,70,7,9,8,10,9,8,32,15,27,47
17,19,9,10,7,75,10,7,8,7,9,8,31,15,30,48
15,14,7,7,10,69,9,7,9,10,9,10,32,19,25,48
16,20,10,8,10,64,9,7,9,10,10,7,31,15,23,47
14,11,10,9,8,75,7,8,7,10,8,7,30,16,27,48
16,18,7,9,9,58,10,7,7,8,7,8,31,16,27,47
19,18,8,7,10,58,9,10,8,10,8,7,30,16,23,47
15,19,9,9,8,68,7,8,9,10,9,10,32,16,28,47
17,15,10,10,8,66,7,10,8,7,9,7,32,16,23,48
18,16,10,8,7,64,8,10,9,7,9,9,30,18,28,48
11,20,9,10,8,56,10,10,7,10,10,7,32,19,26,48
19,17,9,7,7,65,7,9,8,10,7,10,30,16,23,47
18,11,8,8,9,63,10,7,10,7,7,8,32,18,27,48
14,15,9,9,7,79,7,7,9,10,9,9,30,18,30,47
20,17,9,10,9,76,8,7,8,10,8,9,32,15,30,48
15,11,7,7,7,75,10,9,9,9,10,9,32,15,29,48
14,11,8,9,7,57,10,9,10,8,9,9,32,17,28,48
13,12,8,9,8,68,7,10,10,10,7,9,32,20,30,47
16,18,9,9,9,68,10,7,7,9,9,10,31,19,27,47
11,13,10,10,9,57,9,10,8,9,8,7,30,17,29,48
17,15,10,7,8,64,8,8,8,8,8,9,30,16,26,48
17,15,7,7,7,69,7,10,10,8,7,8,32,15,28,47
14,12,10,9,7,60,10,7,8,8,8,9,31,18,27,48
16,11,9,7,7,67,8,7,8,9,10,10,31,19,30,47
11,20,10,9,7,74,8,7,9,10,10,7,30,20,30,48
17,17,10,8,7,78,8,8,7,7,7,8,31,17,23,47
17,11,9,8,8,79,10,9,10,9,8,7,32,15,27,47
13,20,8,9,10,65,10,9,8,9,10,7,32,18,27,47
14,19,9,7,9,67,8,8,7,8,10,8,31,18,26,47
16,17,8,7,9,78,9,7,8,7,8,8,32,15,24,47
12,12,7,10,7,70,9,8,9,7,8,7,30,16,23,47
14,12,10,9,9,78,7,7,9,8,8,8,31,15,26,48
15,15,7,7,8,66,7,10,7,10,9,8,31,19,30,47
17,17,8,7,8,59,7,8,10,8,7,8,30,16,30,48
16,14,8,8,8,58,9,7,10,10,8,8,30,18,27,47
13,14,10,7,7,56,9,10,8,9,8,9,30,15,25,47
12,18,8,10,8,58,8,10,10,8,10,10,31,20,25,48
13,19,9,7,8,68,10,10,8,7,10,7,31,16,27,48
20,17,10,8,7,65,8,7,10,9,10,7,32,15,30,48
14,11,8,9,7,58,10,7,8,10,7,8,31,15,27,48
19,17,9,7,9,78,7,9,10,8,8,8,31,15,30,47
17,17,7,8,7,63,7,9,10,9,8,8,31,18,29,47
16,18,10,7,8,63,10,9,9,8,8,7,31,20,23,48
20,15,8,10,9,56,9,10,8,9,7,8,31,16,26,48
13,18,10,7,9,70,10,10,8,9,7,10,30,18,29,48
13,11,8,9,9,77,10,7,8,7,10,10,32,20,29,48
11,12,7,7,10,77,8,7,7,10,7,10,32,19,30,48
11,11,9,9,9,57,10,8,8,9,7,8,30,19,29,47
17,19,9,10,10,64,10,8,10,8,8,10,32,20,27,48
15,18,10,10,9,59,7,7,7,7,8,10,32,18,23,47
20,11,8,8,9,75,7,8,9,9,8,9,31,19,23,47
13,18,8,9,7,66,8,7,10,7,10,9,31,19,30,47
16,17,8,8,9,64,8,9,10,9,10,10,31,17,29,48
20,15,10,9,9,73,8,8,9,7,7,9,31,20,25,47
20,12,8,8,9,63,9,7,9,9,8,7,30,16,28,47
17,17,10,9,7,66,7,9,10,10,7,10,31,15,27,48
14,14,7,8,10,68,8,9,10,10,8,9,30,16,23,48
17,12,8,9,9,74,8,10,8,9,10,10,30,18,26,48
20,11,7,9,9,75,8,10,8,9,7,7,31,18,23,48
16,20,7,9,10,79,10,7,8,9,10,9,30,16,29,48
12,13,10,8,10,61,8,10,9,7,7,8,30,16,27,47
15,20,9,10,9,77,8,7,10,7,10,8,31,19,23,47
14,17,10,7,9,56,7,10,7,8,9,7,30,20,29,48
14,20,10,8,10,58,7,7,7,7,7,7,30,18,27,47
19,17,8,9,7,67,9,9,9,10,9,7,31,20,29,47
17,14,9,8,10,59,8,8,7,10,10,9,30,18,26,48
13,17,8,10,7,65,10,10,9,10,7,7,30,16,24,47
13,13,8,10,7,78,8,9,8,7,8,7,31,19,27,47
11,20,9,10,10,73,7,8,7,9,10,8,31,18,28,47
15,12,10,10,7,70,8,8,10,10,8,7,30,17,29,48
17,19,10,8,9,70,10,9,8,7,10,7,32,18,30,47
15,13,9,7,10,73,7,7,9,8,8,10,30,16,26,47
17,15,7,10,8,74,9,7,8,10,8,7,30,18,30,47
17,15,10,7,7,59,7,10,9,9,8,10,32,17,25,48
16,15,9,10,7,69,7,8,9,7,7,9,30,16,24,47
15,15,8,10,8,60,10,8,7,7,7,9,30,18,25,47
11,19,10,10,9,67,8,9,8,9,10,9,31,16,28,47
12,20,10,9,7,65,8,7,10,9,8,7,32,17,26,48
20,18,8,9,9,76,8,7,8,7,8,9,30,19,27,48
16,14,9,8,8,73,9,10,7,9,7,8,32,15,30,48
17,13,9,10,9,68,8,10,9,10,9,10,32,15,24,48
20,14,7,8,7,73,8,7,8,8,9,9,32,18,29,47
12,18,10,8,9,73,8,10,8,10,7,7,31,19,27,48
14,20,8,10,10,73,10,9,8,8,10,8,30,16,30,48
11,17,8,9,10,57,10,10,10,7,7,7,32,18,24,48
12,16,7,7,9,77,8,9,10,7,8,7,30,16,27,48
20,14,10,7,9,64,9,10,8,8,10,9,32,17,29,48
14,15,7,8,10,63,10,9,9,7,9,8,31,16,30,48
12,16,9,9,10,61,9,9,10,8,10,10,30,15,30,47
16,12,9,9,9,78,7,10,8,9,9,8,31,20,30,48
11,14,7,10,9,65,9,10,8,7,10,8,31,16,27,48
11,15,8,8,10,64,8,7,7,10,10,7,32,16,27,48
16,12,9,10,9,71,9,10,9,7,10,8,32,17,30,48
19,20,9,7,9,59,9,8,8,7,9,8,31,16,24,47
20,18,9,9,10,56,7,10,10,7,7,7,31,17,23,48
20,16,7,10,8,68,7,10,7,8,8,10,32,19,26,47
18,17,7,8,9,74,7,9,8,7,7,8,32,17,28,47
16,16,7,9,10,57,9,8,8,8,9,7,30,19,24,48
18,17,8,9,10,67,10,10,7,9,10,9,30,19,24,47
14,12,7,8,8,74,7,10,10,7,7,9,30,20,27,48
18,17,9,7,8,71,7,10,7,10,9,8,30,18,27,48
17,14,10,7,7,73,8,10,8,8,8,9,31,16,24,47
20,12,9,8,10,66,9,7,7,9,8,10,30,16,23,48
13,14,9,7,9,59,10,9,7,7,10,8,32,19,26,47
16,12,8,8,7,69,9,9,9,7,10,9,30,17,25,47
20,13,8,9,8,64,8,8,9,10,7,10,31,20,25,48
16,12,7,9,10,68,10,7,9,10,10,10,32,15,27,47
16,20,8,10,9,79,7,8,8,10,8,9,32,15,29,48
16,17,10,8,10,76,8,9,9,8,8,7,30,16,24,47
16,15,8,7,9,70,8,7,10,10,7,10,31,17,23,47
15,11,10,8,8,57,7,10,7,10,9,7,30,17,30,47
15,13,7,10,9,66,7,7,10,8,7,8,32,19,25,47
19,15,10,9,8,78,10,8,10,7,8,9,30,19,30,47
14,13,7,10,10,76,9,10,7,9,9,10,31,15,28,48
16,16,10,10,8,71,10,9,9,9,8,10,32,17,23,48
11,20,8,9,10,78,9,9,10,9,7,10,32,16,29,48
12,17,9,10,10,65,10,10,9,7,8,10,32,17,25,47
18,17,10,8,10,76,10,8,7,7,8,7,31,19,26,48
13,13,10,9,10,66,7,8,8,9,8,7,30,17,27,48
17,15,8,10,9,73,8,10,7,7,8,9,30,18,30,48
19,20,8,10,8,65,7,8,10,8,10,10,32,18,25,47
15,15,7,8,10,66,9,10,7,7,8,10,31,17,28,48
20,18,9,7,7,77,9,8,9,8,7,9,32,18,27,48
18,12,9,10,10,75,9,9,9,7,9,10,30,15,29,47
20,20,8,7,10,59,8,8,7,7,10,9,32,20,26,47
13,11,10,9,10,68,9,9,7,7,10,9,31,15,25,48
18,19,7,8,9,77,8,8,9,8,9,8,31,19,25,48
11,14,7,7,9,56,9,8,9,10,8,7,31,15,23,48
15,12,8,10,10,59,7,9,8,7,9,9,32,18,26,48
17,12,9,7,10,63,7,9,8,9,9,9,31,16,25,48
11,16,10,8,7,79,10,8,10,10,7,9,31,20,25,47
11,15,9,10,8,65,8,8,10,10,7,10,31,18,26,47
17,19,8,10,10,67,7,9,10,10,7,7,31,17,28,48
20,13,9,10,10,56,9,10,9,8,7,8,31,17,25,48
12,18,8,10,10,59,8,10,7,10,10,9,30,19,27,47
20,17,9,7,8,57,10,9,9,9,7,7,30,16,24,47
13,19,8,8,7,57,9,10,8,8,8,7,32,15,29,47
18,17,10,7,10,76,10,10,7,8,8,8,31,15,24,47
18,16,8,9,10,63,8,10,7,10,10,8,32,18,27,48
12,16,8,10,10,70,8,9,8,10,10,9,30,18,24,48
11,20,9,8,9,72,7,8,8,8,9,10,30,16,23,48
16,12,8,10,9,63,10,10,7,10,9,9,30,18,26,47
16,12,9,9,9,76,9,9,9,10,10,7,31,16,23,48
20,17,10,8,8,66,8,10,10,7,7,8,36,15,24,48
11,19,7,9,7,69,9,8,8,8,9,8,36,18,25,48
11,12,8,8,8,76,8,10,10,8,7,7,35,18,24,47
13,20,7,9,10,64,10,10,7,10,8,9,35,16,24,48
15,19,10,9,10,68,7,9,9,7,9,8,33,16,28,48
15,19,10,10,9,74,8,7,7,7,9,10,36,15,25,47
14,15,10,10,9,71,10,7,10,10,9,9,33,16,23,47
16,17,9,10,7,66,9,9,8,10,7,8,33,19,25,48
11,13,8,7,8,73,9,10,10,9,8,7,35,20,26,48
14,12,9,10,8,64,10,7,8,8,10,10,37,17,30,47
17,12,10,9,7,78,9,10,8,10,9,7,35,19,23,47
18,20,9,8,9,79,10,9,10,9,10,8,37,17,24,47
17,11,8,10,9,74,9,8,9,7,10,8,36,18,28,48
12,14,10,7,10,68,10,7,10,7,8,7,35,20,29,48
19,14,8,8,8,64,7,7,7,7,8,8,36,18,23,48
19,16,8,9,10,68,7,9,7,8,8,8,35,17,23,47
15,20,7,8,8,72,8,7,10,8,9,10,36,18,29,47
12,17,10,10,9,60,10,7,7,9,8,9,35,19,26,47
11,12,10,7,10,69,10,8,9,8,10,9,35,19,27,48
14,18,9,7,8,70,9,10,10,9,10,9,34,20,29,47
16,18,9,8,10,63,9,9,9,9,9,7,37,18,29,47
18,11,10,9,10,59,10,7,9,10,7,9,36,16,24,48
18,19,10,9,9,61,8,8,9,9,9,7,37,19,25,47
12,12,7,10,9,78,10,9,10,7,9,9,37,18,27,47
16,15,9,9,8,70,8,8,10,9,8,7,33,17,30,47
14,17,7,9,9,56,9,7,9,9,9,10,33,18,23,48
19,14,10,9,8,60,9,9,9,9,10,8,34,18,23,47
20,17,7,10,10,68,8,9,10,7,8,10,36,20,27,47
17,15,7,10,8,58,7,10,10,8,8,9,37,16,23,48
19,17,7,10,8,72,9,10,7,9,10,8,34,20,23,48
12,17,8,10,7,68,9,10,7,8,10,10,33,15,30,48
14,20,10,8,8,69,7,10,10,9,8,7,33,15,27,48
18,15,7,8,9,75,9,7,8,9,8,8,34,15,24,47
12,12,8,10,8,66,8,9,8,7,8,7,35,20,26,48
15,13,10,8,9,69,10,7,10,10,7,9,37,17,26,47
13,16,8,9,8,64,8,8,8,8,8,8,34,16,26,47
19,20,7,10,7,61,7,7,8,9,10,8,36,17,23,47
12,14,8,8,9,66,10,7,9,7,9,7,37,18,28,47
15,13,10,7,9,70,9,10,9,7,9,9,35,15,28,47
18,13,9,10,8,60,8,7,10,10,8,8,33,16,27,47
12,18,9,7,8,78,8,10,10,9,9,8,33,15,27,47
15,20,9,9,9,73,8,8,9,9,9,7,33,18,24,47
18,19,10,9,9,75,8,8,8,10,10,10,36,18,29,48
13,20,7,10,10,78,10,10,9,8,10,10,33,16,24,48
17,14,8,8,9,76,7,7,8,10,7,10,37,20,28,48
12,11,9,7,9,76,10,8,8,8,10,7,37,19,28,47
15,13,8,9,8,72,9,7,8,7,10,9,37,16,26,48
16,18,7,10,8,74,7,10,9,9,7,9,37,20,23,47
18,20,9,8,7,66,10,7,9,7,10,8,37,15,27,48
12,12,10,7,7,65,8,7,9,7,7,10,33,18,30,47
20,19,8,10,10,79,10,8,8,10,9,7,35,15,25,47
19,19,9,7,10,76,9,8,9,8,10,9,35,19,28,47
19,11,10,9,10,65,8,9,8,10,7,7,34,16,25,48
14,16,10,8,9,66,9,10,7,7,8,7,37,17,24,48
14,12,8,10,7,78,10,8,10,9,10,8,37,17,30,47
20,17,8,10,9,72,7,7,9,7,10,10,36,20,24,48
11,14,8,7,7,59,8,7,9,10,7,7,33,17,26,48
15,18,8,8,8,62,10,10,10,7,8,8,34,19,30,48
12,13,9,9,10,63,7,9,10,7,9,7,36,15,24,47
13,12,7,10,9,76,8,10,7,8,10,9,36,16,23,48
16,17,7,10,8,69,10,10,9,10,10,10,35,18,23,48
11,18,7,9,8,59,8,9,10,10,10,10,35,18,26,48
15,18,9,7,7,76,10,8,8,9,10,10,36,19,26,48
20,14,9,10,8,79,9,7,8,9,7,9,34,15,23,48
11,13,8,7,8,75,9,10,8,9,10,9,34,17,28,48
17,17,7,8,9,60,10,10,9,8,10,9,34,15,29,47
14,11,7,7,10,58,9,10,8,9,8,10,34,16,29,48
11,20,9,7,7,67,10,8,10,10,8,9,33,20,29,47
20,11,8,9,8,61,10,9,7,10,10,9,35,17,27,48
20,15,8,8,8,57,10,8,7,9,10,8,34,19,24,48
19,13,10,10,7,78,9,8,8,7,8,8,37,17,30,47
11,13,9,10,9,57,10,10,7,9,9,9,36,16,24,47
17,11,7,10,7,69,10,8,7,8,8,9,37,16,24,47
19,14,8,8,10,65,10,10,10,8,8,8,35,19,30,48
19,15,10,7,8,60,7,10,7,8,10,8,35,18,28,48
15,17,9,10,10,77,7,8,7,7,10,9,33,17,23,48
19,13,7,10,9,70,9,7,7,7,9,10,37,20,28,48
20,14,8,9,10,61,9,9,9,9,10,10,33,20,24,48
15,14,10,8,9,56,9,8,9,7,8,7,33,17,29,47
14,19,8,10,10,74,7,10,8,10,10,10,34,18,30,47
11,13,9,7,9,72,10,8,7,8,8,8,34,17,24,47
18,12,9,10,9,75,9,8,10,7,10,7,34,17,25,48
19,11,9,9,8,77,7,9,10,10,8,8,33,16,23,47
17,12,10,8,7,75,7,10,8,10,7,7,37,20,27,48
14,13,7,8,7,60,7,7,8,10,8,9,33,17,26,48
15,18,9,8,7,68,10,8,10,8,9,7,34,18,30,48
15,18,10,9,7,59,10,7,7,9,9,7,33,15,24,48
19,16,7,10,9,67,7,9,8,9,7,10,35,20,29,47
17,13,8,9,8,63,7,10,7,9,10,8,33,15,30,47
20,14,10,7,7,63,8,9,8,10,9,10,35,17,24,48
13,16,8,10,9,60,9,7,10,10,10,8,33,15,28,47
18,14,10,9,9,77,10,10,10,10,8,7,34,19,30,48
12,20,8,8,8,66,8,10,7,9,8,9,35,18,28,48
14,13,8,7,9,76,9,9,9,7,7,10,37,19,23,47
19,12,10,8,8,64,9,10,9,8,9,9,33,16,27,48
18,11,9,9,8,67,7,7,7,8,10,10,34,18,28,48
16,16,8,9,9,64,9,7,9,10,8,10,33,15,26,47
16,11,8,8,9,73,10,9,9,8,10,10,34,19,27,47
11,17,7,8,9,64,10,10,8,7,7,8,36,19,24,47
16,19,7,8,7,62,9,7,10,9,10,10,36,20,26,47
29,23,10,7,7,77,9,8,7,9,7,8,35,16,26,47
26,26,10,8,7,77,9,10,7,9,9,7,36,20,25,48
29,23,9,10,7,78,9,7,9,8,10,9,33,17,30,47
25,27,7,9,8,73,10,10,7,7,8,9,33,19,24,47
26,24,10,8,10,57,10,7,9,10,8,8,36,17,30,47
27,21,10,10,8,71,8,10,8,7,9,7,35,19,26,47
23,30,8,10,10,75,10,10,10,10,10,8,33,20,29,48
29,30,9,10,9,62,9,9,8,7,10,9,34,16,25,47
21,24,7,10,7,64,9,10,8,10,10,8,36,20,29,48
30,21,8,8,8,63,7,10,7,9,10,8,37,18,30,48
26,27,7,7,9,67,7,8,10,8,7,7,37,19,25,47
26,21,10,10,7,73,10,10,9,10,9,9,37,17,24,47
22,27,9,8,8,72,7,7,8,9,10,10,37,20,25,47
22,22,10,9,9,59,9,10,8,7,8,8,35,18,28,48
22,26,10,10,7,59,10,9,7,7,10,8,33,15,27,48
27,22,8,8,8,58,8,9,10,7,9,8,33,17,29,48
23,22,7,8,9,72,10,10,10,8,10,8,37,18,25,48
23,23,8,10,8,56,7,10,10,9,7,8,35,15,23,48
22,29,8,10,9,59,9,8,10,7,7,9,35,17,28,47
28,26,8,8,7,59,7,10,10,9,10,7,35,15,26,48
25,30,7,10,9,59,7,10,7,7,10,10,34,15,24,48
28,30,10,7,8,64,7,10,7,9,8,9,33,15,27,47
30,26,8,9,7,57,9,8,7,9,8,7,34,19,30,48
26,26,7,10,10,73,9,7,8,9,7,10,37,19,26,47
25,27,10,8,10,68,8,8,7,9,7,10,33,15,30,48
27,24,7,9,8,75,10,10,7,8,9,10,35,18,23,47
27,29,8,9,8,74,9,10,10,8,9,10,34,19,24,47
22,25,10,9,10,63,7,8,9,8,7,8,37,18,26,47
24,26,7,8,8,58,9,8,8,9,10,7,34,19,24,47
23,25,7,7,7,62,9,8,10,10,10,9,35,15,30,47
30,24,7,8,7,63,8,8,10,9,9,10,33,19,27,47
24,21,10,8,7,73,8,10,10,7,10,10,33,17,25,47
25,30,8,8,10,74,9,9,9,8,9,9,34,15,26,48
30,21,8,8,10,58,10,7,8,10,9,10,33,16,23,47
30,30,8,10,7,65,8,10,9,8,9,8,33,19,24,47
24,26,7,8,8,65,8,8,10,7,8,10,34,16,23,47
24,22,10,8,8,57,9,9,8,7,10,7,36,20,24,48
25,29,9,7,7,68,7,8,7,10,8,7,36,19,28,47
28,22,10,9,10,58,9,10,7,7,10,8,33,20,23,47
23,29,10,9,7,64,8,8,8,8,10,7,33,18,29,48
25,27,10,7,7,75,8,9,9,8,8,7,34,20,27,48
21,28,8,10,9,76,7,7,10,10,8,10,33,17,26,47
21,28,10,9,8,77,8,8,8,7,8,7,34,20,26,48
22,24,8,7,9,56,7,10,7,7,9,10,36,19,30,48
25,29,9,8,10,69,9,10,9,8,7,8,36,15,26,48
22,27,10,10,7,65,8,8,9,9,10,7,36,20,30,48
28,27,10,10,10,58,7,8,8,7,7,8,34,18,29,48
29,26,10,7,9,67,7,7,8,9,10,9,35,20,25,48
26,21,7,7,7,70,8,9,9,9,8,7,33,19,26,47
21,23,7,9,8,59,8,7,9,10,7,8,35,19,23,48
24,27,10,7,8,56,10,7,7,9,8,9,37,17,25,47
30,29,10,10,7,61,7,8,9,8,10,7,36,15,28,47
29,24,10,7,7,78,8,7,8,8,9,7,36,20,29,48
22,28,8,8,9,56,9,10,8,9,9,9,37,17,26,47
30,27,10,9,9,63,10,9,7,10,10,9,37,16,26,47
23,21,8,8,10,59,10,7,7,7,9,10,35,18,28,48
21,22,7,8,10,57,10,10,10,9,7,9,37,16,25,47
23,26,9,7,8,73,10,7,7,7,7,8,35,19,23,48
24,27,10,10,8,74,9,9,9,9,9,7,37,18,25,47
27,27,7,10,9,73,10,10,8,9,7,9,34,15,27,47
30,21,10,8,8,65,8,8,9,7,8,7,34,16,28,47
24,27,9,7,9,63,9,9,8,10,10,7,35,20,29,48
25,29,9,10,8,63,7,7,7,9,9,9,37,18,25,48
30,29,9,8,7,74,10,8,7,7,9,7,36,17,28,47
28,30,9,7,10,79,8,8,9,8,8,10,35,16,26,47
24,24,9,8,9,66,7,10,9,7,9,9,36,15,28,47
22,22,9,9,10,71,7,10,7,8,7,9,34,15,29,48
23,26,8,10,10,71,9,10,10,7,8,7,33,19,23,48
22,22,9,10,10,75,7,10,9,10,7,7,35,15,24,48
23,26,8,8,10,58,7,10,10,7,10,8,37,15,23,47
26,24,8,8,8,64,8,9,7,9,10,10,36,17,23,47
26,27,7,9,10,63,10,10,7,8,7,8,35,19,29,48
21,25,7,9,8,62,8,10,8,9,7,10,36,17,26,48
28,22,7,7,7,77,8,9,10,9,8,8,33,18,28,47
22,24,7,9,9,68,7,10,7,7,7,8,35,20,24,47
26,23,8,7,10,56,10,7,8,7,9,8,34,15,30,47
23,28,10,7,10,76,7,9,7,10,7,10,34,16,25,47
29,21,10,8,7,59,7,8,7,7,7,8,33,18,27,48
30,26,7,7,8,60,7,7,7,7,7,9,36,16,26,48
29,23,8,9,8,56,8,7,8,10,10,10,34,15,27,47
25,22,7,10,10,72,7,9,8,7,8,9,33,15,27,48
30,28,7,9,10,57,7,9,7,10,8,8,35,17,30,48
25,24,7,10,10,68,8,10,10,8,7,9,33,18,24,48
25,27,7,10,10,77,9,8,10,9,7,8,36,15,26,48
28,29,9,8,9,64,9,9,8,8,9,7,37,20,25,48
24,29,9,9,9,61,8,10,8,8,8,8,35,18,30,48
29,27,7,8,7,61,7,8,10,9,10,7,33,16,24,48
25,25,7,8,7,79,7,10,9,8,9,7,36,15,27,47
28,29,8,7,8,62,9,9,9,9,9,9,36,18,26,47
23,26,9,7,7,60,10,7,8,7,10,9,37,19,25,47
29,30,10,10,9,76,8,7,8,8,9,10,35,15,26,48
30,29,9,10,10,73,7,7,10,10,10,10,36,15,25,48
25,27,9,8,9,56,8,10,8,7,9,8,36,16,28,47
25,29,7,8,9,60,10,10,10,8,8,10,37,17,24,48
21,27,8,10,7,57,7,8,7,9,8,7,35,20,23,47
24,22,8,7,8,57,9,9,10,9,7,10,36,16,28,47
30,21,10,10,8,70,8,7,7,9,10,7,33,20,26,47
28,28,8,9,7,71,8,8,9,7,7,8,36,15,27,48
30,22,10,8,8,66,7,7,9,9,7,10,36,20,30,48
27,23,10,7,8,69,7,8,10,7,7,10,35,17,27,48
21,28,9,10,7,60,10,7,7,7,8,9,35,17,29,48
27,25,8,10,8,75,9,8,9,9,10,8,34,20,24,48
26,22,10,10,8,72,9,7,9,8,8,7,36,16,23,47
30,22,9,8,9,57,9,7,8,8,8,9,35,16,26,47
23,30,7,9,7,67,7,8,7,7,9,8,36,18,27,47
24,24,7,9,9,63,8,9,8,9,10,8,36,15,26,47
25,28,10,8,7,66,9,7,10,9,7,7,36,18,28,48
23,24,9,10,10,60,7,9,10,8,8,8,37,20,24,47
29,25,9,7,10,59,10,8,8,7,9,8,37,18,25,47
24,26,7,7,8,64,7,9,7,8,10,9,36,17,24,47
21,26,10,8,8,71,9,8,7,9,10,7,37,15,24,47
28,22,10,7,8,79,7,8,8,7,9,8,36,17,26,47
30,29,9,9,10,62,7,8,10,8,8,8,37,20,23,48
23,28,9,7,9,74,9,9,7,9,9,10,35,18,26,47
25,27,9,10,7,67,8,7,7,9,7,9,34,18,25,47
26,27,9,8,10,78,10,10,8,10,10,7,37,19,23,47
29,28,8,8,10,59,10,9,10,10,7,7,35,18,29,47
21,23,8,9,9,57,10,7,10,8,7,9,35,17,30,47
28,21,7,7,8,59,10,10,9,9,10,7,35,18,29,47
22,30,7,7,10,77,7,9,7,8,7,10,33,15,29,47
27,28,8,10,10,64,10,8,8,10,9,10,37,18,27,47
29,21,8,9,9,63,8,9,9,9,9,9,34,16,26,47
22,28,9,7,10,64,8,10,7,10,10,9,35,16,29,48
23,27,8,10,10,71,8,8,10,8,9,9,37,16,24,47
28,27,9,9,10,71,8,7,7,7,9,8,37,15,26,48
29,25,8,9,10,70,7,9,9,10,9,9,36,17,30,47
23,21,9,9,10,60,9,7,7,8,7,8,37,18,30,48
24,24,7,10,7,64,7,7,9,8,9,8,35,16,24,47
22,21,10,7,9,64,7,10,7,7,8,9,37,16,29,48
25,30,7,8,9,62,8,10,10,10,7,7,36,20,28,47
25,28,9,9,9,73,9,9,9,10,8,8,34,18,30,47
27,26,8,9,7,60,9,8,8,8,10,10,33,20,24,47
28,24,7,7,10,77,9,10,7,7,9,7,34,19,25,47
21,28,10,8,8,68,9,7,10,8,9,10,35,18,28,48
28,25,8,10,7,58,8,10,10,7,7,10,35,18,28,48
28,24,9,10,9,70,7,7,7,7,7,8,33,15,29,48
24,25,10,9,10,75,8,7,7,7,7,9,35,15,26,47
21,24,9,8,7,73,7,10,9,8,10,9,34,15,26,48
27,21,7,7,8,64,10,7,7,10,9,9,37,17,30,48
25,27,10,9,7,78,7,7,7,7,7,9,34,18,28,48
25,30,8,7,10,67,9,7,9,8,10,10,34,17,23,48
23,30,8,10,10,60,9,10,9,8,8,10,33,18,30,48
24,21,7,7,7,59,9,7,10,10,8,8,35,18,26,47
30,27,8,7,8,59,7,7,9,8,10,8,33,20,30,47
25,23,7,9,8,56,8,10,8,10,10,10,37,17,23,47
24,24,9,9,9,76,9,7,10,7,7,9,36,20,30,47
29,23,8,9,7,64,9,9,7,7,10,8,36,20,30,48
23,24,9,9,7,77,10,7,9,8,10,8,36,16,24,47
30,30,10,9,8,66,7,7,9,8,7,10,34,17,27,47
30,29,8,9,8,79,10,9,7,9,8,8,35,17,24,48
21,23,10,10,9,78,9,9,7,7,7,8,33,17,24,48
22,28,9,9,8,60,10,10,8,10,7,10,35,17,29,47
26,27,8,9,8,56,7,8,10,10,10,8,35,18,24,48
25,24,9,10,8,61,10,9,8,8,8,9,33,20,27,48
30,30,7,9,7,75,7,8,9,9,8,8,37,18,27,48
25,25,9,10,10,77,10,9,10,10,7,7,34,19,25,48
29,28,8,8,8,69,10,7,8,7,8,7,34,20,30,47
21,22,10,8,10,59,7,10,8,10,7,10,36,16,25,47
23,29,8,8,10,78,7,10,9,9,10,8,35,17,24,48
21,29,10,9,8,62,8,9,9,7,8,9,37,19,27,47
25,24,7,7,8,72,10,7,10,8,10,8,34,20,28,48
26,26,8,10,8,77,8,7,10,7,9,8,35,16,30,47
23,22,8,7,10,57,9,10,7,8,7,8,33,19,27,47
22,24,7,7,8,76,9,9,7,8,8,10,33,18,25,48
21,24,10,8,10,65,10,9,10,7,8,7,33,19,28,47
24,22,7,8,7,63,7,9,8,8,8,8,36,15,26,47
21,25,7,10,10,59,10,8,9,10,7,10,35,16,28,47
24,26,8,7,10,69,10,7,9,7,8,7,36,15,24,48
24,28,7,8,10,75,10,8,7,7,7,8,36,18,23,48
25,29,7,9,8,72,9,7,8,10,7,10,37,17,30,47
30,29,8,9,8,57,9,8,7,7,8,9,36,15,23,47
21,25,10,8,10,66,9,7,8,9,10,7,37,20,25,48
25,21,8,8,9,64,10,10,9,9,7,9,37,19,27,48
30,24,7,7,7,58,9,10,9,9,8,8,34,17,24,48
22,24,8,9,8,61,8,9,7,9,7,8,34,17,26,47
30,21,9,7,9,66,9,8,7,10,9,10,35,20,30,48
21,30,10,8,8,58,10,9,10,9,8,7,34,16,24,47
28,23,7,7,7,57,8,7,9,9,9,10,34,19,27,48
23,27,9,9,10,68,9,9,9,9,10,8,36,20,30,47
25,24,9,7,9,63,8,8,9,8,9,10,34,17,29,48
26,25,7,8,7,62,7,10,10,9,8,7,37,17,23,47
30,26,8,8,9,71,7,8,9,7,8,7,35,20,23,47
27,30,8,9,7,60,9,9,7,9,8,9,34,15,25,48
22,26,9,7,9,65,7,9,7,7,8,9,35,17,26,47
21,28,7,8,7,73,8,9,10,8,9,9,35,19,27,47
30,28,9,9,9,57,10,8,7,10,10,10,36,20,27,48
28,22,9,10,9,65,7,8,9,9,8,8,37,17,23,48
28,23,8,10,8,58,9,8,8,7,8,10,34,17,24,47
27,25,7,9,8,76,7,9,9,8,9,8,33,15,28,48
25,30,10,10,8,68,10,7,7,7,9,8,37,18,23,47
21,28,8,10,10,60,8,9,8,8,8,9,37,16,23,48
22,29,7,9,10,60,9,10,10,7,7,8,35,15,28,47
24,22,10,9,8,69,10,7,7,9,7,9,34,20,23,48
23,26,10,10,8,66,8,9,9,9,9,10,34,16,24,47
29,22,9,8,10,65,8,7,10,9,8,7,36,16,26,48
25,22,8,9,7,63,10,10,9,8,10,9,37,16,25,48
28,29,9,9,10,77,10,9,8,7,10,9,35,15,26,47
24,27,8,10,7,63,7,9,10,10,9,7,34,16,27,48
26,28,8,7,10,64,8,9,9,7,7,9,36,20,29,47
25,22,10,10,7,64,10,8,10,8,10,9,35,20,28,47
28,27,7,8,10,66,9,10,10,8,7,9,35,20,29,47
21,26,8,10,9,63,10,9,10,9,10,9,33,18,26,47
22,21,10,7,10,66,7,9,9,10,7,8,35,18,30,48
30,27,10,7,9,58,10,7,10,9,9,8,37,19,23,48
23,23,10,9,10,69,8,7,9,9,9,9,37,15,24,47
26,29,9,8,9,63,8,9,7,9,7,9,36,19,25,48
23,24,9,9,8,67,10,8,10,10,8,9,33,16,25,48
29,21,7,7,7,61,8,8,10,7,7,7,37,18,30,47
25,28,8,7,9,78,9,10,8,8,7,9,37,19,29,48
30,27,10,10,8,68,8,10,7,7,7,9,36,19,30,48
22,23,8,10,10,62,10,10,8,9,10,7,37,18,26,48
26,23,10,10,9,63,8,7,9,9,8,8,35,17,26,47
21,24,9,10,8,56,8,8,9,9,10,7,35,20,28,48
29,26,10,9,9,70,7,8,8,8,9,10,37,17,25,48
29,27,8,8,10,78,10,8,9,9,7,8,35,16,28,48
23,23,10,8,10,75,7,7,10,10,8,7,33,17,26,48
21,27,8,8,8,79,9,10,10,7,8,8,35,17,27,47
25,28,7,8,9,62,8,8,8,9,8,9,34,17,28,48
30,28,9,9,9,63,7,8,7,9,10,8,33,15,27,48
30,21,10,7,7,73,7,10,9,8,7,10,36,15,23,47
23,23,9,9,9,71,7,9,7,10,10,7,36,20,29,48
24,23,7,7,10,67,7,7,9,8,10,7,34,19,29,47
23,29,7,9,9,78,8,7,7,10,8,8,34,18,27,48
26,28,10,10,9,78,8,7,7,9,7,8,35,20,25,47
23,21,10,10,9,56,7,8,8,7,8,7,35,15,28,48
21,27,7,7,8,64,10,9,7,9,8,10,34,20,28,48
28,30,9,9,10,70,10,9,9,9,10,8,36,18,30,48
29,30,8,10,8,72,7,8,10,7,10,8,34,15,24,47
22,22,8,10,10,78,7,9,9,8,10,9,35,17,24,48
26,26,8,7,8,57,7,8,9,9,9,10,37,16,30,47
24,21,9,10,9,78,7,8,9,9,10,10,33,16,23,48
22,27,7,7,7,72,8,7,7,7,10,7,34,20,28,48
27,27,10,9,7,59,7,10,8,8,10,7,35,15,28,48
26,22,8,10,8,68,10,8,10,10,10,8,36,15,28,47
23,27,10,8,10,71,7,7,10,10,10,9,33,20,25,48
26,25,10,10,10,61,7,7,7,10,9,7,34,20,30,48
23,25,7,9,9,74,8,10,10,10,10,7,35,19,24,47
27,29,8,8,8,76,10,8,10,10,10,9,36,20,27,47
28,21,10,9,7,57,7,10,9,8,9,8,34,18,26,47
29,29,8,10,8,57,8,8,8,10,7,8,37,18,27,48
23,25,7,9,10,73,9,8,7,10,8,7,34,17,30,47
27,29,9,10,9,77,10,10,7,10,10,9,35,16,30,48
28,23,9,9,9,71,8,9,7,7,10,10,34,17,24,47
22,29,10,8,9,72,7,9,10,7,10,9,37,17,26,48
25,25,9,8,10,65,10,8,7,9,9,10,36,16,30,47
30,26,8,9,10,76,9,10,10,10,7,10,33,15,25,47
30,26,8,7,9,67,10,8,7,8,7,7,37,18,25,47
21,21,8,9,10,77,7,10,10,8,8,9,36,16,23,48
24,28,9,9,9,77,8,7,9,10,7,8,33,18,29,48
22,25,9,7,8,72,10,10,10,8,10,9,33,17,26,48
25,21,9,7,10,77,10,10,8,9,9,9,35,20,25,48
26,25,9,7,7,61,9,7,8,7,9,8,34,17,26,47
24,23,8,7,9,62,8,10,9,7,7,10,36,19,24,48
23,29,7,10,7,73,9,10,7,9,7,7,34,19,27,48
27,27,10,7,9,64,8,10,8,9,10,9,37,16,29,48
29,27,8,9,7,60,8,7,9,7,7,10,37,19,25,47
24,26,8,10,7,79,9,9,8,9,7,7,34,20,29,48
30,29,10,10,8,68,10,8,9,8,8,8,37,15,25,48
27,24,9,7,7,64,9,10,8,7,9,9,33,16,27,47
30,29,9,9,8,75,7,7,7,8,8,10,33,17,30,47
27,29,8,7,9,75,9,8,7,7,8,9,33,15,23,48
27,22,7,9,10,71,7,7,8,8,9,8,36,17,23,47
28,29,7,7,9,60,8,8,9,9,8,8,36,20,26,47
28,30,9,10,9,58,7,10,8,10,10,8,33,18,26,47
23,27,7,10,9,67,10,10,10,7,7,9,36,16,25,47
21,28,7,9,8,65,7,9,7,10,10,7,37,16,26,47
25,25,7,8,8,67,8,8,8,8,10,7,33,19,30,47
21,22,8,7,9,63,8,7,9,10,10,10,35,20,24,47
25,29,7,10,10,61,8,9,10,9,7,7,34,15,28,48
24,24,7,8,9,69,8,7,8,9,8,8,37,19,24,48
21,28,10,9,7,67,7,10,10,8,7,10,33,16,28,48
30,24,10,10,9,62,10,7,7,8,9,9,36,15,26,48
22,29,9,7,10,75,10,7,9,9,9,9,33,17,25,47
26,28,9,10,10,65,10,10,7,10,7,10,36,17,23,47
22,21,9,7,7,66,8,9,10,7,10,8,37,16,28,47
28,23,9,10,7,68,10,9,7,10,10,7,34,17,24,48
22,21,7,10,10,79,9,7,9,10,7,9,35,15,29,48
22,24,8,10,7,74,9,7,10,9,8,10,37,17,24,47
27,26,10,10,7,69,9,9,7,8,9,9,34,20,24,48
27,24,8,10,8,76,8,8,9,9,10,7,36,16,30,48
22,23,8,7,10,62,8,10,9,10,8,7,35,19,27,47
25,21,7,10,9,61,8,10,7,8,10,7,36,15,23,48
29,29,9,8,10,76,7,7,8,10,7,9,36,18,25,48
24,30,7,10,9,79,7,10,7,9,9,10,35,17,24,48
30,30,8,9,7,67,10,7,10,9,8,10,33,15,28,48
22,21,10,10,10,73,8,7,7,10,10,10,35,19,28,48
25,22,8,10,8,57,9,7,8,9,8,7,35,15,23,47
22,28,10,7,8,76,9,9,10,10,10,9,37,19,28,48
25,22,8,10,10,71,8,8,9,8,7,9,35,15,25,47
28,30,8,8,8,61,7,7,10,7,8,9,33,18,23,48
30,26,8,7,10,68,9,10,10,8,9,8,33,20,29,48
30,28,8,7,7,60,9,10,9,8,10,7,33,17,28,48
30,22,7,10,7,67,9,10,7,7,10,9,35,18,24,47
30,26,9,7,10,70,7,10,7,10,9,9,35,19,26,48
25,24,8,8,7,76,7,10,7,8,10,8,34,17,23,48
25,30,9,7,8,61,10,7,10,9,8,9,35,20,30,48
25,22,8,7,9,58,9,10,7,7,10,10,35,18,24,48
27,27,8,7,10,71,8,8,9,8,8,9,36,19,24,47
21,24,10,8,7,76,9,10,8,8,7,7,34,16,27,47
26,28,10,10,10,72,9,9,8,8,8,9,34,19,29,48
29,28,7,8,7,70,9,9,8,9,8,9,36,20,25,48
27,28,8,8,7,64,10,9,9,10,7,8,36,18,25,48
27,22,9,9,8,72,9,8,8,8,8,8,34,15,24,48
22,29,7,9,9,72,7,8,10,10,10,8,36,17,30,48
23,30,7,8,10,78,9,9,7,9,9,7,37,15,28,47
22,22,9,7,7,74,10,7,8,10,10,9,35,16,27,48
21,25,10,7,10,63,9,8,7,8,10,9,34,19,30,48
27,23,7,10,7,57,7,9,10,7,8,9,33,19,29,48
25,27,9,7,7,61,9,7,8,8,9,7,35,19,27,48
21,24,10,7,7,62,9,9,10,10,7,7,34,16,28,47
26,29,10,10,8,59,9,10,10,9,8,9,37,16,26,47
22,28,8,9,10,68,8,7,9,8,9,8,37,15,28,47
29,21,7,10,9,67,7,7,10,10,7,7,35,19,27,47
29,27,7,8,8,63,9,7,8,9,10,9,33,19,28,48
28,23,8,10,9,57,8,7,9,7,8,10,37,15,27,48
23,24,10,9,10,77,9,7,8,10,7,8,34,15,29,47
27,30,9,8,8,60,8,8,10,9,8,10,35,16,23,48
24,23,8,9,10,67,9,8,8,9,9,9,37,18,29,48
28,26,7,10,7,67,8,8,10,8,7,10,36,15,26,47
27,30,7,9,10,69,9,10,10,7,10,9,35,16,30,47
21,27,9,7,7,63,9,8,8,7,8,9,36,16,27,47
21,21,10,7,7,60,7,8,7,10,10,10,35,19,28,47
28,25,9,9,10,69,9,7,10,10,10,9,37,18,23,47
27,29,9,7,7,59,8,8,10,9,10,10,37,15,23,47
23,26,10,8,10,57,9,9,7,10,9,9,34,15,26,47
29,21,7,10,10,59,9,8,9,9,7,9,37,16,30,48
21,24,8,9,10,74,7,8,7,10,9,9,36,16,25,48
28,25,8,10,9,61,9,10,10,8,8,10,34,17,26,47
29,27,9,8,9,79,10,10,9,7,9,9,34,16,30,48
23,27,8,8,8,74,8,8,7,7,9,8,34,17,24,47
24,25,7,9,9,79,7,9,10,8,9,7,33,20,30,48
29,21,8,8,7,60,8,8,10,9,7,10,36,19,23,48
21,27,8,9,10,79,8,10,8,7,8,9,37,17,28,48
23,25,10,10,10,59,9,7,7,10,9,8,35,20,26,48
26,26,8,9,10,69,8,7,7,8,10,10,35,19,30,47
27,30,8,8,10,58,7,10,9,9,7,8,33,19,28,48
30,22,9,8,9,58,9,9,7,8,8,7,34,18,29,48
26,21,7,8,7,71,8,8,8,10,8,8,34,18,26,48
21,26,8,7,9,57,7,10,7,10,10,8,33,17,30,48
29,27,9,8,8,64,9,7,9,9,10,10,35,17,27,48
27,29,7,7,8,77,9,8,9,10,9,8,35,17,27,47
23,26,8,9,7,77,7,10,9,8,9,9,36,20,27,47
30,29,8,9,8,63,7,10,8,7,10,10,33,16,23,47
21,21,10,10,9,76,7,8,10,7,7,9,33,15,24,48
23,26,7,9,7,66,7,7,7,8,10,8,37,15,24,47
30,24,9,8,10,69,8,9,10,7,7,9,35,19,29,48
25,29,10,10,10,62,7,9,8,9,9,7,35,19,25,48
24,27,10,10,7,77,7,7,8,8,7,8,35,17,27,48
30,29,9,10,10,59,9,8,10,10,10,9,35,15,25,48
30,29,10,9,8,71,10,7,7,8,9,7,33,20,27,48
25,23,9,9,8,76,9,9,10,8,8,10,37,19,25,48
24,24,10,9,7,67,7,10,9,8,9,9,35,15,27,48
23,30,9,9,9,64,7,8,10,10,9,8,37,15,23,48
22,25,10,9,10,71,7,10,10,7,8,9,35,18,26,48
27,25,7,10,10,56,7,8,8,7,7,9,36,17,28,48
25,21,8,8,9,58,9,10,10,9,7,7,37,15,29,48
21,22,8,8,7,56,8,10,8,7,7,8,37,18,29,48
26,21,9,7,9,64,10,9,10,7,10,9,35,20,27,47
28,23,8,10,8,59,7,7,10,8,7,9,34,18,30,48
22,22,9,8,8,61,9,9,8,7,7,9,36,16,29,48
28,29,9,10,8,65,10,9,7,8,8,7,34,17,26,48
25,30,8,10,7,56,9,7,9,9,7,8,34,19,27,47
25,22,7,10,9,61,9,7,9,9,7,7,36,16,27,48
28,22,7,10,7,73,10,7,8,9,8,10,35,19,23,47
30,22,10,7,9,75,8,10,9,8,9,8,37,20,28,47
28,26,10,7,10,62,10,10,8,7,10,10,34,15,26,47
22,29,8,7,9,57,10,8,9,9,7,10,35,18,24,48
22,29,9,10,10,67,10,9,9,7,10,9,37,16,25,48
25,22,10,9,10,72,8,8,7,8,10,8,37,19,30,48
30,22,10,8,10,77,7,9,9,9,8,10,35,17,26,48
22,28,8,9,7,77,10,8,9,7,8,10,36,18,29,47
25,28,7,8,7,56,8,9,8,10,8,7,33,20,25,47
27,21,10,8,8,79,7,10,9,8,8,8,34,19,27,47
28,27,9,10,9,74,8,8,10,10,10,9,36,15,27,47
27,27,7,7,8,73,7,9,10,9,8,7,35,15,28,47
28,21,8,8,9,57,9,8,10,9,9,7,35,17,24,48
29,30,10,8,7,66,7,7,9,10,8,9,33,16,23,47
24,23,8,7,8,67,10,10,8,7,9,10,36,20,29,47
22,24,7,7,8,77,8,7,7,8,9,9,36,18,26,47
23,23,8,9,7,62,8,10,7,7,9,9,36,15,27,48
29,28,9,10,9,60,10,10,9,10,10,7,34,17,24,47
22,21,9,7,8,58,7,7,9,8,8,8,37,18,24,47
29,24,9,8,7,57,8,9,9,10,8,7,33,17,26,48
23,28,7,9,8,77,7,8,7,7,8,9,34,19,24,47
24,29,10,10,8,77,10,10,7,7,8,8,37,19,23,48
29,23,10,10,7,59,9,8,8,10,10,10,34,19,24,48
27,30,9,9,8,59,7,7,9,10,8,7,33,20,24,47
21,30,7,7,8,76,7,7,7,7,8,9,34,17,28,47
26,22,8,10,7,63,7,10,9,7,7,8,37,19,29,48
29,27,7,10,9,59,8,8,8,8,9,9,35,17,26,47
27,28,10,8,9,62,8,8,10,9,8,7,36,20,23,48
29,21,8,10,7,71,10,7,7,9,8,9,35,16,29,48
28,24,10,8,9,64,9,10,8,9,10,8,35,18,24,48
30,24,9,9,7,61,7,10,10,7,9,7,33,18,24,48
22,25,8,9,8,67,9,8,9,7,10,9,35,17,26,47
22,29,9,7,7,70,10,10,9,9,7,7,36,15,26,48
22,27,9,7,10,60,10,10,7,7,7,10,36,16,26,47
30,28,8,8,10,74,9,7,10,10,7,9,35,16,30,47
22,24,8,10,8,68,8,10,7,10,8,7,37,20,25,48
24,22,8,7,7,74,7,9,9,8,9,9,34,15,23,48
25,21,10,7,7,63,10,7,10,8,10,9,35,15,27,47
29,25,7,7,7,78,7,10,9,9,9,9,37,20,30,47
30,27,9,8,10,58,8,9,7,7,9,10,34,18,29,47
21,23,8,10,9,57,9,8,10,7,10,9,33,18,30,47
30,29,8,10,9,65,8,10,8,8,8,8,35,19,29,48
24,26,9,8,7,73,9,7,9,7,10,9,34,19,28,47
24,25,9,7,10,64,7,7,8,9,10,8,36,19,27,48
26,22,9,10,7,71,9,9,9,10,9,8,34,18,24,48
25,26,8,9,7,63,9,9,8,7,7,9,37,18,25,47
21,26,7,10,8,66,7,8,9,10,8,9,35,17,25,47
27,26,8,7,8,73,10,8,10,10,7,9,34,20,25,47
24,27,10,9,7,68,9,8,7,10,9,10,34,17,28,47
25,23,9,10,8,69,10,9,9,10,8,10,35,20,25,48
23,27,9,9,9,64,10,7,9,8,8,9,34,16,28,47
30,27,9,10,10,78,8,10,8,9,9,9,36,16,30,48
30,22,8,7,10,75,7,7,9,10,7,8,36,17,27,48
22,30,10,7,9,57,8,10,8,10,10,7,35,15,24,48
28,26,9,8,8,58,8,8,7,10,9,8,33,19,28,47
26,23,10,9,9,79,10,10,7,10,7,8,34,19,25,48
22,29,8,8,7,72,8,9,9,7,10,9,34,15,23,48
28,27,10,10,8,61,8,10,9,10,10,9,33,15,30,47
21,24,9,9,7,57,10,10,7,10,10,10,37,20,23,48
28,26,9,10,7,77,7,9,7,8,8,7,37,19,30,48
27,25,10,9,8,76,10,8,10,9,9,8,33,18,24,47
30,23,7,7,8,77,9,8,10,8,10,10,36,16,29,48
27,30,10,10,9,78,7,7,10,9,7,9,33,16,27,47
27,21,7,9,10,57,7,8,10,8,9,7,34,19,27,48
28,21,9,7,7,77,7,8,10,9,10,8,37,17,30,47
27,22,9,9,10,69,10,8,10,7,9,9,35,17,25,48
24,30,9,10,7,67,7,7,9,10,10,8,37,18,23,48
27,30,10,9,7,68,7,7,8,8,8,8,33,19,27,48
26,23,7,10,8,56,10,7,9,7,10,8,35,17,27,48
24,24,7,10,9,62,10,7,7,8,10,8,35,20,26,48
22,27,7,8,7,59,10,8,8,10,9,9,36,20,30,48
21,27,7,9,9,59,7,7,8,7,10,7,33,19,27,47
24,24,9,9,8,62,10,8,7,10,7,10,35,15,25,47
25,23,9,7,10,56,8,7,10,10,8,8,37,18,23,48
24,29,9,7,9,56,8,8,9,7,8,8,36,15,23,47
23,21,8,10,7,65,8,8,8,7,10,8,37,19,30,48
28,26,8,8,9,75,8,7,8,10,8,10,36,18,24,48
30,22,7,9,7,59,7,10,9,9,7,8,33,15,26,47
23,30,9,7,7,65,10,9,8,7,7,9,34,15,25,48
21,27,7,7,7,66,10,9,7,10,7,8,37,20,23,48
23,22,10,8,9,59,8,8,10,10,10,10,37,16,30,47
27,28,9,8,8,57,10,9,7,7,10,7,33,18,29,48
22,24,7,8,7,59,7,8,10,8,7,8,37,16,29,48
21,30,8,10,8,69,10,10,10,9,8,9,34,15,28,47
26,24,10,9,9,65,8,10,7,9,10,9,36,15,24,47
25,23,7,10,9,70,7,8,7,8,7,10,35,19,30,48
25,25,8,7,9,64,8,10,7,10,7,7,37,19,25,47
25,24,10,7,8,59,7,8,9,9,8,10,33,18,30,47
26,22,7,8,8,62,8,9,9,8,10,7,35,19,26,48
24,22,7,7,10,58,8,10,9,8,9,8,37,18,28,47
21,29,10,7,9,73,9,10,8,9,7,7,36,20,25,47
25,21,9,10,10,59,10,9,9,8,10,7,35,15,27,48
23,24,8,10,10,65,7,7,9,7,8,9,33,20,25,47
26,25,9,8,8,72,7,10,8,8,8,9,35,20,29,47
29,21,8,10,10,64,7,7,9,8,7,10,35,15,28,48
23,26,10,10,7,71,9,7,10,8,9,7,37,17,23,47
21,23,7,10,10,63,9,10,9,7,10,7,34,18,26,47
22,22,8,7,10,59,8,8,9,7,9,8,36,17,23,48
26,29,10,10,8,72,7,9,7,10,7,8,34,15,27,48
26,26,7,7,9,70,7,8,10,10,7,7,37,16,30,47
24,21,8,10,7,69,7,10,10,8,10,9,33,17,29,48
28,30,8,9,8,66,9,7,7,8,7,7,33,16,26,47
29,24,10,8,9,62,10,7,10,7,8,10,34,20,24,48
24,27,9,8,10,75,7,9,9,10,10,9,33,15,30,47
24,28,9,10,10,58,9,9,9,9,10,10,37,18,30,48
23,27,10,9,9,72,9,7,7,8,9,7,33,18,25,48
27,29,10,7,8,60,8,8,10,10,9,8,34,18,29,47
23,28,8,7,9,63,9,7,9,8,8,9,36,20,26,47
27,24,7,8,7,58,7,7,7,7,8,7,34,17,30,47
26,23,9,10,9,64,8,8,10,9,8,10,34,16,26,48
28,23,9,10,9,56,10,9,9,9,9,9,34,18,25,47
26,24,9,7,10,57,9,9,7,7,9,7,37,17,26,47
28,24,8,9,9,59,7,7,8,7,9,8,36,20,28,47
26,26,10,7,10,73,8,8,10,9,9,7,37,18,24,48
27,28,7,10,9,70,7,7,8,7,8,8,36,15,28,48
22,23,10,10,10,63,9,10,9,10,9,8,36,20,25,47
23,29,7,7,8,66,10,9,10,8,7,8,36,17,25,48
26,24,7,10,7,79,9,7,9,8,8,10,36,19,29,48
26,28,7,8,7,68,9,10,7,7,7,10,33,16,23,47
26,29,7,8,9,77,8,10,9,10,10,10,33,20,23,48
30,30,9,7,9,75,7,8,8,7,10,10,34,20,27,48
26,24,10,7,8,74,8,10,9,8,10,8,37,20,24,48
24,21,7,9,10,57,8,9,7,10,7,8,33,19,25,48
29,27,9,10,8,62,10,7,9,7,8,9,33,18,29,47
22,29,7,10,8,57,7,10,7,9,8,9,37,20,26,48
24,26,9,9,7,70,10,7,9,9,10,7,36,15,23,47
29,25,10,7,9,76,10,10,9,8,7,10,35,20,26,48
25,30,7,7,10,62,8,7,7,8,7,8,36,19,23,47
30,26,9,10,7,70,10,9,7,8,8,9,36,16,27,48
27,25,7,7,8,59,7,7,8,7,9,9,33,16,27,48
21,29,10,10,7,59,10,8,8,9,8,9,34,17,23,47
30,29,7,9,7,72,7,9,10,7,9,10,35,19,28,48
22,25,10,10,10,57,10,8,9,10,10,8,37,17,25,47
26,23,9,10,9,63,9,7,9,8,8,8,36,18,24,47
26,30,8,8,7,67,10,10,10,7,9,10,37,15,27,47
23,23,10,8,7,56,8,10,9,8,9,7,36,20,27,48
28,21,9,10,10,67,7,8,9,10,7,10,35,16,26,47
21,25,7,8,7,59,8,9,8,7,10,9,33,15,25,48
23,26,10,7,9,61,10,10,7,7,7,9,36,16,23,48
23,23,10,9,8,59,7,9,10,9,10,10,33,18,26,47
26,27,8,8,7,78,8,10,10,9,7,10,36,17,30,48
25,22,9,10,9,58,8,9,9,7,7,10,35,16,27,48
27,28,9,7,10,69,7,10,7,7,7,9,37,15,24,48
22,26,8,9,7,56,9,8,8,9,8,8,37,18,25,48
23,24,8,8,7,72,10,9,8,10,10,10,34,16,28,48
26,21,8,10,9,77,8,8,9,10,9,8,33,19,29,47
24,22,9,8,10,59,7,8,7,8,10,7,34,15,25,48
24,28,10,10,7,76,9,8,8,10,9,9,37,16,27,48
25,30,10,9,10,67,9,10,7,10,9,8,34,15,24,47
26,21,8,7,10,56,8,7,9,9,7,7,35,18,30,47
29,25,8,10,9,73,8,8,8,10,9,9,36,17,28,47
29,26,8,10,10,73,9,7,7,7,7,10,33,17,23,48
29,23,9,9,7,64,10,8,7,9,8,10,35,17,30,48
30,24,7,9,8,69,9,9,9,9,10,8,37,16,24,47
22,22,9,7,9,69,7,8,7,8,10,7,37,19,24,48
27,21,9,9,8,62,7,9,9,9,9,7,37,15,23,47
24,23,8,9,9,67,9,7,10,9,7,10,33,20,30,47
24,26,9,8,8,72,7,10,8,8,10,8,37,16,25,47
24,30,9,10,8,64,10,8,7,8,9,8,34,15,25,47
25,23,10,10,10,70,10,8,7,9,7,7,36,16,26,48
23,30,10,8,8,62,8,7,9,9,9,8,34,19,28,47
26,25,9,9,7,79,10,8,8,10,9,8,34,16,25,47
21,25,9,9,8,58,10,8,10,7,7,8,33,18,23,47
30,30,8,10,8,60,8,8,8,7,8,10,36,20,23,48
24,21,9,10,7,65,7,10,7,9,9,7,36,15,26,47
22,23,10,7,8,63,10,10,9,8,8,9,34,19,27,48
29,27,9,9,8,61,8,9,10,9,10,7,37,16,24,47
21,26,8,9,10,59,9,9,8,7,10,9,34,19,24,47
26,30,10,9,10,71,8,9,7,7,9,9,34,15,28,48
27,25,9,7,9,74,9,9,9,8,10,9,36,18,23,47
22,30,10,8,10,75,7,7,8,8,9,8,33,19,24,47
29,23,9,7,7,59,10,7,10,7,8,8,35,20,27,47
29,25,9,7,8,68,7,10,10,7,10,9,33,20,25,47
26,27,7,10,7,62,9,8,7,8,8,9,34,15,25,47
28,26,7,9,9,56,8,10,7,7,9,8,36,20,28,48
29,29,8,7,10,74,7,8,9,8,7,9,37,16,30,48
23,29,10,9,8,57,10,10,9,8,10,7,34,15,29,47
26,29,10,9,7,76,9,8,7,8,9,7,36,17,28,47
26,27,10,7,7,59,10,9,7,10,8,7,37,17,23,47
24,26,7,10,8,72,9,10,9,10,7,10,37,15,29,48
23,23,8,7,9,67,8,10,8,8,7,10,34,16,24,48
30,22,7,9,10,76,10,7,8,8,8,7,33,20,27,48
21,22,10,9,9,63,9,8,7,9,7,7,34,19,25,47
28,27,7,7,7,70,10,7,8,8,10,10,36,18,25,48
26,25,8,8,8,68,9,7,9,10,9,10,33,15,25,47
26,25,8,10,8,70,9,10,7,9,9,9,37,18,24,48
21,27,9,9,9,62,8,10,9,9,7,7,35,15,25,48
23,22,10,8,8,72,8,8,7,8,8,8,35,19,30,48
25,25,10,9,7,76,10,10,7,9,7,8,37,18,23,48
25,30,9,10,7,71,8,7,9,8,10,7,37,16,23,47
25,22,8,7,8,65,7,7,7,7,10,8,34,20,24,48
25,26,8,7,8,72,10,8,7,9,7,7,35,20,25,47
27,25,8,10,10,67,8,8,8,8,9,9,37,15,26,48
29,24,8,10,10,71,9,10,7,10,8,9,35,18,23,47
28,25,8,9,9,56,9,9,7,7,10,9,34,20,26,48
28,28,7,9,9,75,8,8,10,10,8,7,35,16,30,47
29,25,8,10,7,58,7,10,9,7,9,8,33,18,23,47
28,25,7,8,8,72,8,7,10,7,7,8,33,17,25,48
26,30,9,8,7,59,9,9,8,8,10,9,35,15,25,47
29,27,7,7,10,73,10,9,9,7,7,9,34,18,26,47
23,27,10,10,8,69,10,7,9,8,7,9,34,19,30,47
27,30,9,9,8,78,10,9,10,7,9,8,35,18,23,48
22,26,9,10,8,65,8,8,9,7,9,10,36,19,29,48
30,23,7,10,7,65,9,9,9,10,8,7,34,20,27,47
27,29,8,10,9,72,7,8,10,8,9,10,34,18,29,48
27,24,7,9,9,75,10,7,8,10,9,9,33,20,25,48
23,27,7,7,7,78,9,10,9,7,9,8,36,15,30,48
22,23,9,8,8,60,7,9,9,8,9,10,33,20,29,47
24,27,10,9,8,79,9,9,8,7,8,8,34,15,27,47
26,28,9,7,9,76,9,9,7,9,9,9,33,18,29,48
26,21,7,8,7,73,7,8,7,9,7,7,35,16,26,47
25,28,8,8,8,68,10,10,7,10,9,10,37,16,25,48
29,30,8,10,8,67,9,9,10,8,10,9,33,17,25,48
29,27,8,7,8,61,10,7,7,7,10,8,35,19,28,48
27,24,7,7,10,67,10,9,8,9,9,9,36,16,25,47
27,22,8,8,9,64,10,8,8,10,8,8,35,18,26,48
30,25,7,7,9,70,9,7,10,10,10,7,33,17,25,48
28,28,9,7,9,66,9,9,8,10,8,10,36,16,23,47
23,25,9,7,8,73,8,9,10,7,8,9,36,18,29,47
22,25,9,7,9,67,7,10,7,7,8,10,36,15,23,47
29,30,7,9,8,70,10,8,8,7,7,10,35,18,29,48
28,30,8,9,10,79,7,10,8,10,7,8,35,17,24,47
21,29,7,10,8,75,7,10,10,10,8,9,33,17,25,47
30,28,8,8,9,63,8,9,7,8,10,8,37,20,23,47
23,28,10,8,10,60,8,8,7,7,8,7,34,17,27,47
27,28,10,9,9,77,8,8,7,7,9,8,37,19,27,47
25,23,10,10,7,73,8,9,8,8,10,7,36,20,25,48
22,24,8,8,7,68,9,8,8,9,8,8,33,15,25,48
27,29,7,7,8,72,8,7,8,8,7,10,33,19,24,47
26,29,10,9,8,69,9,8,9,7,9,10,35,15,25,47
26,30,7,7,7,60,9,7,8,9,10,8,33,15,30,48
28,26,8,10,10,58,9,7,9,8,9,8,36,16,24,48
21,28,7,9,7,73,10,9,10,10,9,7,35,18,26,47
24,30,8,7,7,62,9,7,7,7,7,8,33,16,24,47
29,28,8,8,7,57,9,10,8,10,8,9,36,15,27,48
22,26,9,10,8,74,9,7,8,9,10,8,37,15,29,47
24,25,9,7,8,76,10,9,7,9,7,9,33,15,23,47
31,36,8,7,9,58,9,10,7,9,7,7,36,19,29,48
33,34,9,10,7,65,8,8,10,9,7,9,33,19,30,48
40,36,8,8,10,61,7,10,7,8,10,9,36,16,30,48
40,33,10,8,8,73,8,9,8,7,7,7,36,17,24,47
34,32,7,7,8,60,9,8,10,9,7,8,33,16,25,47
40,40,9,10,9,65,8,7,9,8,7,8,37,15,28,47
37,33,7,8,8,62,10,10,9,10,10,7,36,16,24,47
35,37,10,10,10,78,7,8,9,8,9,10,37,15,29,48
36,32,10,8,10,64,10,9,10,8,7,7,34,16,23,47
37,37,8,10,8,65,8,10,8,8,8,8,34,16,30,48
39,36,7,7,8,60,9,8,10,8,9,7,37,17,23,48
40,33,9,9,7,64,7,8,10,10,9,9,33,19,29,48
36,32,8,8,10,59,10,10,9,7,10,7,34,20,29,47
34,32,10,10,10,65,7,9,8,7,8,7,36,18,25,47
36,34,10,8,8,77,9,9,10,10,9,7,35,15,28,48
36,35,8,10,7,56,7,9,7,10,10,10,33,17,28,48
38,37,10,9,8,70,8,8,7,9,8,9,35,15,27,47
31,31,7,7,8,74,9,8,8,10,9,8,36,19,29,47
36,36,8,10,8,61,10,9,10,10,8,8,37,19,29,48
40,33,10,9,10,59,9,10,8,10,8,9,35,19,26,47
34,34,8,7,7,67,10,9,8,9,7,8,33,16,24,48
34,35,7,7,9,65,7,7,8,9,7,8,33,20,30,48
36,40,7,10,7,65,8,8,8,8,10,10,33,19,29,47
33,35,7,10,9,56,8,8,8,9,8,9,33,19,28,48
38,36,9,7,8,56,8,9,9,9,7,9,37,15,28,47
35,31,8,8,9,56,7,10,8,8,9,7,35,19,26,48
40,32,8,10,9,59,9,7,8,10,10,8,36,15,30,47
40,32,9,9,10,76,7,9,8,10,7,8,35,16,30,48
31,34,10,9,8,75,7,10,7,8,9,8,34,18,27,47
39,35,10,10,7,64,10,10,7,8,7,8,37,17,26,47
37,31,7,10,10,76,9,9,8,7,10,7,34,16,23,48
34,34,10,7,9,79,9,7,8,8,9,9,35,18,29,47
38,33,9,9,9,68,8,10,7,8,10,10,37,20,27,47
33,38,10,7,7,57,9,9,9,7,8,8,33,17,25,47
32,35,7,7,10,73,7,9,9,8,9,10,34,18,24,48
33,34,10,10,9,58,9,9,7,9,9,9,34,19,24,47
38,39,8,7,8,66,10,9,10,7,10,7,37,20,26,48
38,31,9,9,7,56,8,10,8,7,8,10,36,20,29,47
36,40,8,7,8,59,9,8,10,10,8,8,33,17,27,47
40,38,9,7,8,78,10,10,7,9,9,10,36,17,23,48
39,32,7,9,8,73,9,8,10,10,9,10,36,19,26,47
38,31,7,7,10,61,8,7,8,9,10,8,33,20,23,48
31,31,7,8,9,61,9,8,8,8,7,10,33,17,23,47
34,35,7,10,7,56,10,9,7,9,10,10,36,16,30,47
38,33,9,9,8,76,9,10,10,9,8,10,37,17,23,48
35,31,9,9,10,71,7,7,8,9,10,7,37,16,27,47
40,32,10,9,8,69,10,9,8,9,9,9,34,20,27,48
36,40,8,9,10,70,10,10,10,7,9,7,34,15,24,47
36,33,8,7,7,69,10,9,7,8,10,7,33,18,30,47
35,37,9,8,8,75,10,10,8,8,8,7,33,17,24,48
39,40,10,9,8,59,7,7,8,10,7,10,35,15,26,47
39,31,7,7,8,66,8,8,7,8,7,10,33,17,27,47
38,39,9,10,10,73,8,10,7,8,7,8,33,19,27,47
36,38,9,7,9,66,9,8,10,7,7,9,34,16,24,47
32,35,8,8,7,57,10,10,7,8,8,7,35,19,23,48
35,37,9,10,10,62,10,8,9,9,10,10,36,17,23,47
40,40,7,8,10,70,7,9,8,8,8,8,34,17,25,47
39,34,8,9,7,62,9,9,9,9,8,9,37,20,27,47
35,40,7,10,9,62,7,7,7,7,10,9,37,20,30,47
37,39,10,10,9,57,10,10,9,10,7,8,35,19,24,48
32,36,10,10,10,61,7,7,9,8,7,8,33,16,24,47
39,40,8,8,7,65,7,9,9,8,9,7,33,16,30,47
38,33,10,8,7,74,10,8,10,9,10,9,34,17,30,47
37,34,10,7,7,56,8,9,7,10,9,10,34,15,24,48
34,32,7,7,8,67,8,7,10,10,7,9,35,15,24,47
40,32,9,9,10,56,7,10,8,8,8,7,37,18,30,47
32,35,10,10,8,68,7,9,7,9,9,7,34,20,25,48
39,39,10,10,8,62,7,8,8,10,9,10,37,16,25,48
32,38,10,8,10,76,9,9,10,9,10,10,36,17,25,48
35,37,7,8,10,71,8,10,8,10,9,9,36,20,27,47
31,35,8,9,9,79,8,7,9,9,7,10,36,18,30,47
35,38,10,8,9,68,10,10,7,10,8,10,33,15,30,48
37,33,10,10,10,64,7,7,9,8,10,9,33,15,25,47
33,40,9,7,7,61,9,10,7,7,10,9,36,15,24,48
32,33,10,8,10,60,10,9,9,7,8,7,34,16,28,47
37,33,8,8,10,69,10,8,10,9,9,8,35,20,26,47
37,38,9,7,10,66,10,7,9,7,10,10,36,15,29,47
37,32,8,10,8,72,10,9,8,10,8,7,33,20,28,47
39,34,10,8,9,63,7,7,7,10,8,9,35,19,24,47
33,39,8,10,9,75,8,7,10,10,7,8,33,19,23,48
34,32,9,10,8,72,7,10,7,10,10,7,37,16,28,47
37,34,7,10,9,69,10,8,7,10,8,10,35,17,27,47
39,35,8,10,8,59,7,7,7,10,9,10,33,20,30,48
38,40,9,9,8,77,9,7,10,7,7,9,35,20,28,48
38,37,8,7,10,71,10,10,9,10,8,10,36,20,26,48
37,39,10,8,9,73,7,8,8,7,9,10,34,15,23,48
36,37,7,7,9,60,7,9,9,9,10,9,36,18,24,47
39,40,10,7,9,70,9,10,8,7,7,9,37,19,26,48
39,35,7,10,8,70,7,10,10,7,8,9,37,16,30,47
35,33,8,9,9,73,10,10,10,9,7,7,33,15,27,48
38,40,7,10,10,64,7,10,10,9,8,8,34,16,30,48
39,34,8,7,7,66,7,10,8,8,9,10,35,19,30,47
40,35,10,10,7,67,9,10,8,10,10,9,35,18,28,47
39,33,9,10,9,73,10,8,8,8,8,10,37,15,26,47
38,40,8,9,9,65,7,7,8,9,8,8,37,18,28,48
35,31,10,10,9,77,8,10,10,10,8,10,37,17,29,47
35,38,10,10,8,75,9,10,7,10,10,9,36,19,27,47
35,38,9,9,7,72,9,8,7,9,8,8,37,20,27,47
34,32,8,9,10,66,10,8,8,7,7,9,36,18,29,47
34,39,10,10,7,77,7,7,9,10,10,8,35,20,29,48
37,33,8,9,9,71,9,9,9,9,7,7,33,15,26,47
31,34,10,9,10,56,7,8,8,10,10,8,33,19,28,47
39,34,10,7,8,67,9,7,8,9,7,9,37,18,23,47
36,38,9,7,10,65,8,8,9,7,10,7,37,20,26,47
38,35,8,9,9,67,8,9,9,7,7,7,35,19,29,47
33,37,7,9,7,72,8,9,9,7,8,7,36,20,23,47
35,36,8,9,7,76,9,8,9,7,7,10,34,15,26,48
38,31,8,9,10,67,10,10,7,9,10,7,36,16,23,47
39,34,10,8,7,59,8,10,7,8,10,10,34,17,29,47
38,38,10,10,9,67,7,8,10,10,7,10,37,20,27,47
31,39,9,9,8,56,8,7,9,9,9,9,34,17,28,48
37,31,10,7,9,71,9,8,10,10,10,7,35,18,29,48
31,33,10,7,8,79,10,8,8,7,9,9,35,18,29,48
35,31,8,9,7,64,8,9,7,10,9,10,37,15,25,48
37,34,9,7,9,68,10,8,9,9,8,10,34,17,26,48
32,40,9,8,9,69,7,8,10,9,8,10,33,16,24,47
38,36,8,7,8,63,9,8,7,9,10,7,33,17,28,48
38,39,10,10,10,74,10,8,10,8,7,10,33,16,23,48
33,36,10,7,7,67,7,7,8,10,9,9,35,17,28,48
34,37,10,8,9,65,9,8,9,9,9,7,36,15,29,48
35,37,10,8,9,72,10,10,8,8,8,10,34,15,24,48
38,32,10,10,8,56,9,7,8,9,9,7,34,18,27,47
39,35,9,10,9,58,10,8,7,8,10,8,35,16,27,48
37,34,10,8,9,72,9,7,8,8,8,10,36,15,28,48
35,36,7,10,10,64,8,10,9,10,7,9,33,15,26,47
32,34,9,10,10,57,10,7,7,7,9,7,34,19,26,47
39,38,10,7,7,57,7,9,8,9,10,9,35,20,29,47
38,36,8,10,9,76,7,7,7,9,8,8,33,20,30,47
32,38,10,9,9,67,10,7,9,7,9,9,36,20,28,47
34,34,9,9,9,71,8,7,8,8,9,8,37,15,26,48
38,35,8,10,10,62,10,10,9,9,7,10,34,19,27,48
34,37,10,7,9,79,7,9,7,8,9,8,33,15,27,47
32,31,10,10,7,69,7,9,9,7,7,7,35,16,27,48
32,36,10,10,10,56,7,10,10,7,10,7,33,16,25,47
38,35,7,10,8,62,10,10,8,9,9,10,34,16,30,48
38,39,9,8,7,57,7,9,7,9,7,7,36,17,23,47
34,40,9,10,8,57,7,10,10,9,7,10,33,20,24,48
35,40,7,8,8,64,9,8,9,8,10,10,36,15,28,47
31,35,7,9,8,69,8,7,7,9,10,8,35,20,25,48
35,39,7,10,7,61,9,10,7,7,8,7,36,18,23,48
35,39,7,10,8,59,10,8,9,10,7,10,34,19,26,48
38,36,8,10,8,64,7,7,10,9,9,8,33,19,24,47
40,32,10,8,9,60,8,7,7,7,7,9,34,16,25,47
35,40,9,7,8,78,8,8,9,9,10,10,34,18,26,48
34,32,7,8,8,58,7,9,8,7,8,10,36,16,24,47
35,37,7,9,8,77,7,10,10,8,10,9,35,18,24,48
39,35,7,9,8,71,10,7,9,10,7,8,36,19,26,47
31,33,8,9,7,67,10,7,8,10,10,8,33,17,25,47
33,39,9,8,9,66,9,9,7,7,7,10,36,18,28,48
36,33,8,8,10,69,7,8,9,9,9,7,33,19,25,48
31,40,8,8,10,73,8,10,8,9,7,10,34,20,26,47
37,37,10,7,7,59,8,8,10,8,8,7,37,19,29,47
40,39,7,10,8,72,8,9,7,7,8,9,37,20,24,47
35,32,10,9,7,71,8,7,10,8,8,9,37,16,26,47
39,38,7,8,8,78,10,7,7,9,9,10,33,15,27,48
32,36,9,10,8,71,7,9,9,7,7,8,33,16,29,48
40,40,10,7,10,73,10,7,8,10,7,8,36,18,30,48
32,33,9,10,8,65,8,9,9,9,10,8,35,17,30,47
31,38,10,8,9,70,8,10,10,9,9,10,36,16,28,47
38,34,10,8,8,62,10,10,9,10,8,7,33,17,29,48
32,37,10,7,7,58,9,8,7,8,7,8,33,17,26,48
32,39,8,8,7,77,10,10,7,7,8,7,33,17,29,47
39,38,7,7,10,59,7,10,10,10,9,9,33,17,27,47
37,36,10,8,10,77,9,7,7,9,8,8,34,19,24,47
32,39,10,10,7,61,8,10,7,10,9,10,36,16,23,48
35,31,10,7,9,61,9,7,10,8,9,9,33,20,27,48
33,34,10,7,10,78,8,10,7,7,8,9,37,20,29,48
39,31,7,8,9,63,7,8,9,8,9,7,35,16,24,48
39,35,10,8,8,73,8,10,8,10,10,7,36,15,28,48
39,32,8,7,7,64,10,7,10,7,9,7,33,19,30,48
36,38,9,8,8,70,8,10,8,10,10,10,36,20,27,47
36,34,9,10,9,65,10,9,8,10,9,8,34,16,27,47
34,40,10,8,9,76,7,8,9,9,9,8,37,19,25,47
34,32,9,9,10,75,8,10,9,8,7,9,36,18,29,47
33,33,7,7,8,69,10,10,9,9,7,7,34,20,29,47
36,33,9,10,8,77,10,7,9,9,9,10,35,15,25,48
35,40,9,8,8,59,9,10,9,9,7,10,37,17,28,48
40,36,8,8,10,56,10,10,9,9,7,8,33,16,29,48
32,31,10,9,7,67,9,10,10,8,10,9,36,20,30,48
39,34,8,10,9,71,9,9,10,7,7,9,35,19,30,48
33,37,8,9,9,59,8,7,7,8,7,8,37,20,30,47
36,37,9,10,9,56,9,8,7,7,10,9,33,15,25,47
37,35,10,10,7,75,7,8,7,9,9,10,37,20,23,48
32,36,9,8,9,58,10,9,10,10,9,7,35,18,28,47
38,36,8,10,7,72,7,10,7,9,8,7,35,19,27,48
40,38,9,7,9,68,7,8,8,9,9,7,34,16,29,48
34,38,10,10,9,77,9,10,10,8,9,10,35,20,28,48
32,39,8,8,9,60,7,9,8,10,9,7,35,17,23,48
40,34,8,7,7,57,8,7,7,7,7,7,37,18,27,47
39,35,7,10,8,78,9,7,9,8,7,8,35,15,27,47
33,32,8,8,8,70,7,7,10,8,8,7,33,19,29,47
38,38,8,9,9,66,8,7,8,7,8,9,35,18,23,48
37,34,9,7,9,56,8,7,9,7,7,8,36,18,28,48
32,39,8,8,7,69,8,10,7,7,7,10,34,16,25,48
34,35,7,7,7,78,8,10,7,10,7,7,34,15,24,48
38,37,10,8,9,59,10,8,8,10,7,10,35,16,27,47
32,40,9,10,8,71,8,8,10,10,9,9,36,17,26,47
33,34,10,9,8,56,7,8,9,8,8,7,33,18,25,48
39,32,10,10,10,72,10,7,7,7,7,8,34,19,28,48
40,31,8,9,9,62,7,7,8,10,9,10,34,15,30,48
36,33,9,8,9,59,8,8,9,9,9,10,35,16,26,48
39,39,7,10,10,62,8,7,7,8,9,7,35,18,26,48
32,36,9,8,9,59,7,7,10,10,9,10,37,16,27,48
31,40,8,7,8,76,7,10,9,9,9,7,37,19,23,47
36,35,7,8,7,69,8,10,10,9,10,8,37,19,27,48
34,40,9,7,9,63,10,8,10,8,9,8,34,16,26,48
40,39,7,9,7,65,10,10,10,9,7,9,36,19,27,48
31,39,9,7,9,56,10,8,9,8,8,7,37,18,26,47
39,34,7,7,7,69,7,7,7,7,9,8,33,19,25,48
32,36,10,8,10,66,7,9,9,9,9,7,36,20,29,48
38,37,9,7,8,70,9,9,10,8,7,10,37,18,25,47
31,35,10,9,10,65,10,8,9,8,7,9,33,17,24,48
32,36,7,8,10,64,10,7,9,8,9,9,33,20,28,47
33,35,7,8,9,68,7,8,9,7,10,7,33,19,24,47
40,39,7,8,8,65,10,9,8,8,10,8,34,18,29,48
37,33,7,10,8,68,10,10,9,10,9,8,34,18,24,48
40,31,10,9,9,60,9,9,9,7,10,10,35,19,30,48
35,36,10,9,9,66,8,10,10,10,7,7,33,15,25,48
33,33,9,9,8,72,10,7,10,10,10,10,33,16,26,48
40,40,7,10,8,61,9,10,7,8,9,8,37,20,26,47
40,34,9,8,9,58,10,8,10,9,7,9,35,20,23,48
38,40,8,8,9,66,10,7,7,7,10,8,33,17,30,47
31,37,10,7,10,58,9,10,10,10,8,10,36,15,29,47
36,38,7,9,9,72,8,9,9,7,9,10,36,20,29,48
32,34,8,9,10,74,8,10,9,10,9,9,33,16,30,47
39,40,7,8,9,67,8,9,8,9,9,9,36,15,28,48
37,39,7,10,8,58,8,9,9,9,9,9,37,18,23,47
33,34,10,7,10,60,8,10,9,8,10,9,36,19,30,47
33,37,10,7,10,58,9,9,7,7,10,7,35,15,28,48
40,35,8,10,9,61,9,7,10,8,9,7,33,18,30,48
31,31,7,7,7,75,9,10,7,9,10,9,35,20,28,48
36,38,10,7,10,62,8,10,7,10,8,8,36,15,25,48
31,32,10,8,8,65,10,9,8,10,7,8,37,20,23,47
35,39,10,9,10,69,7,8,7,9,10,8,34,19,26,48
36,36,10,8,8,67,9,10,7,9,7,9,33,15,24,48
34,35,10,10,10,66,8,10,10,9,8,8,37,18,29,47
40,38,10,10,8,76,10,7,8,9,10,9,36,15,24,47
32,36,10,10,8,67,8,10,9,7,8,7,34,15,24,47
39,32,7,10,9,65,7,7,8,7,9,7,34,17,29,47
33,32,9,7,10,63,10,8,8,9,7,8,34,20,23,48
36,36,9,8,7,72,10,7,9,7,8,7,36,19,25,48
32,32,9,10,7,73,9,10,10,8,7,9,36,19,30,48
35,40,9,9,7,75,10,9,8,8,9,7,35,20,26,48
36,35,7,7,8,73,10,7,8,9,10,8,34,20,28,47
38,35,8,9,8,57,7,7,10,7,7,10,34,20,26,47
39,38,7,8,10,62,8,10,8,8,8,8,35,18,24,48
39,32,7,10,7,70,8,9,10,8,10,9,33,16,30,48
40,39,10,9,10,67,10,7,7,9,9,7,33,16,29,48
38,33,10,10,10,74,7,8,10,10,10,9,35,20,28,48
39,32,8,9,9,58,8,7,10,8,8,7,35,16,26,47
31,38,8,7,9,77,7,7,9,8,10,9,36,19,29,48
35,34,8,8,7,65,10,9,8,7,7,9,37,15,24,48
39,38,8,7,8,65,7,7,7,10,10,10,33,18,26,48
39,38,9,9,7,58,7,10,8,8,7,10,36,16,28,47
36,36,9,9,8,74,9,7,7,7,8,9,35,16,25,47
40,40,8,10,8,65,8,10,8,7,7,8,37,15,26,48
37,33,7,8,7,63,9,10,9,9,7,7,33,18,24,47
36,37,10,8,7,67,9,9,8,10,10,7,35,20,26,48
36,37,10,10,8,66,9,9,8,9,8,8,35,15,30,48
31,33,7,7,9,59,9,7,7,8,8,7,34,17,28,47
33,37,8,7,8,61,9,8,8,7,7,8,36,20,29,47
39,34,8,7,8,61,9,9,7,8,10,8,34,17,26,47
40,33,8,9,10,78,10,9,10,9,8,9,35,18,23,47
36,39,8,10,8,59,8,7,9,7,7,8,33,15,26,47
37,32,7,10,7,61,8,10,9,8,7,8,35,20,23,47
37,40,7,8,8,62,10,8,10,10,7,10,33,18,28,48
39,36,8,7,10,76,10,9,8,10,9,7,36,20,29,47
31,35,7,7,8,78,7,7,7,10,10,8,35,20,25,47
31,35,7,9,10,63,10,7,10,10,7,8,35,15,25,48
36,31,10,7,7,60,8,10,8,8,9,9,37,17,23,47
34,35,9,10,8,56,9,7,7,9,7,7,33,19,29,47
31,31,10,7,9,74,8,10,7,7,10,8,34,17,30,48
34,40,8,8,10,59,10,9,8,8,9,7,35,15,24,47
36,38,7,8,7,75,10,9,9,10,8,7,37,15,30,47
38,32,9,9,9,71,9,8,9,9,9,8,34,20,27,48
37,39,9,7,7,74,8,8,8,9,9,7,36,19,29,47
35,38,8,7,9,65,8,7,7,10,8,7,34,19,25,47
32,36,7,10,8,73,10,10,10,10,10,10,34,19,24,47
39,39,9,7,8,62,9,10,7,10,8,8,35,19,30,48
33,37,8,9,9,74,9,8,8,9,7,10,34,17,23,47
37,38,7,7,7,68,9,9,8,9,8,7,37,20,24,48
36,39,7,9,7,66,7,7,7,8,9,7,36,18,27,48
34,35,9,9,7,65,8,9,9,10,8,7,36,15,28,47
34,33,7,8,10,67,8,7,9,8,9,9,36,15,30,47
35,40,7,9,8,76,9,7,8,7,10,7,34,19,27,47
36,38,7,9,9,71,10,8,9,8,7,8,34,15,26,48
34,34,9,10,9,73,10,9,8,8,7,8,36,16,23,47
39,37,10,7,7,77,10,10,7,7,9,8,34,17,23,47
37,31,8,8,7,58,8,10,9,10,10,8,35,15,28,47
35,36,9,9,10,59,7,9,9,8,7,7,33,20,27,47
39,37,9,9,7,68,8,9,8,10,8,7,37,16,30,48
35,39,8,8,8,71,8,8,7,8,7,9,34,18,30,48
37,33,8,10,8,70,9,9,10,10,8,8,33,16,30,48
31,31,7,7,9,69,7,9,8,10,10,7,33,16,30,47
34,35,9,8,9,73,10,9,8,9,10,8,33,18,26,47
36,34,10,9,10,68,10,7,10,7,9,9,33,20,23,47
31,31,7,8,9,63,10,7,10,8,7,10,35,16,26,48
34,37,10,9,8,68,10,7,7,10,9,9,35,16,26,48
39,34,9,7,7,77,8,7,7,9,10,7,35,20,23,48
32,33,10,8,9,64,7,9,10,7,10,8,33,15,23,48
31,40,8,9,10,76,9,10,7,9,7,9,33,19,24,48
36,37,9,9,9,73,9,7,9,7,8,7,34,20,29,48
33,32,7,10,9,61,9,8,10,8,8,8,33,20,23,47
36,37,7,7,10,77,7,7,7,10,10,9,35,19,25,48
35,40,10,8,8,57,8,10,9,10,7,7,33,18,28,47
31,33,8,7,7,71,8,8,8,10,8,9,34,20,29,48
33,31,7,7,8,69,9,7,8,7,9,8,33,15,29,48
31,40,8,7,7,61,9,10,8,8,8,9,37,18,26,47
31,34,9,9,7,63,10,7,9,10,8,9,36,18,26,47
32,40,7,7,7,78,8,8,9,9,7,10,33,20,30,47
36,33,7,8,7,79,9,9,8,8,8,7,34,16,24,47
32,33,9,8,10,76,7,7,10,10,7,9,33,20,29,48
40,31,10,7,8,56,8,7,8,7,9,7,33,20,30,47
36,35,10,8,10,58,7,10,8,7,7,10,36,18,28,48
32,34,7,10,9,66,8,10,8,8,8,8,37,18,27,48
35,39,10,10,7,59,9,7,8,8,7,9,36,18,28,47
40,35,10,8,10,75,7,9,7,9,7,7,34,20,24,48
39,39,7,8,10,60,7,7,8,8,9,9,35,19,29,47
39,35,10,8,10,76,10,8,10,10,9,10,34,18,23,48
40,32,9,7,10,73,9,10,8,10,7,8,35,19,25,47
32,34,9,10,9,68,10,9,9,9,7,7,33,17,30,47
33,35,8,8,7,71,10,7,10,9,7,7,33,16,24,48
38,37,7,8,8,63,7,7,9,8,9,9,37,17,28,47
38,36,7,9,9,66,7,7,10,8,8,8,36,17,24,47
37,35,10,10,8,61,8,9,8,7,10,10,36,18,27,48
39,32,10,10,9,69,10,9,9,8,8,9,33,18,27,48
37,34,9,10,9,79,9,7,10,10,10,10,36,17,23,48
31,37,9,7,10,75,8,7,9,10,10,8,34,17,25,47
39,36,9,8,8,75,8,9,8,8,8,10,33,20,25,48
35,35,10,7,7,67,10,10,7,10,7,10,35,18,29,48
36,35,8,9,9,63,7,9,8,9,8,9,33,16,30,48
40,31,7,8,7,60,7,7,10,9,7,8,35,18,27,48
38,33,8,9,8,66,10,9,9,10,7,7,35,20,30,47
33,39,9,10,10,77,7,9,10,8,10,10,37,18,27,47
37,38,10,7,8,68,9,10,9,9,7,7,36,18,26,48
38,36,10,7,7,63,10,8,10,7,10,10,36,20,24,48
32,32,8,7,9,77,9,7,8,7,9,9,36,17,29,48
35,40,8,7,10,71,7,7,10,10,7,9,36,18,30,48
40,36,8,7,9,68,10,10,9,8,7,9,35,19,23,47
33,32,10,10,7,71,9,8,7,9,9,10,36,20,23,48
37,33,10,9,8,67,8,7,7,9,7,8,34,20,28,47
38,35,9,7,7,73,10,8,10,10,7,8,33,17,23,48
34,37,10,10,8,66,7,7,9,10,8,8,35,16,23,47
37,36,9,9,8,73,7,9,8,7,7,8,33,19,30,48
32,33,9,8,10,72,10,9,10,9,9,9,33,15,24,48
40,33,8,10,8,69,7,7,8,10,7,10,35,19,23,47
40,35,9,9,8,76,9,10,7,7,8,9,33,18,25,48
34,36,9,8,10,58,10,9,9,10,9,8,34,18,28,48
36,38,8,8,9,64,10,9,8,7,9,10,36,19,24,47
33,35,10,10,7,58,7,9,7,7,9,8,36,19,29,47
31,36,10,9,10,65,7,7,10,8,10,8,34,17,27,48
31,35,7,9,7,63,8,10,8,10,8,10,33,20,23,47
35,38,7,10,8,56,8,10,8,8,7,10,34,20,25,47
33,31,9,9,8,65,9,10,8,7,7,8,36,18,26,47
38,32,9,10,10,67,7,9,8,7,9,10,33,19,28,48
36,35,7,9,7,77,9,10,7,8,9,9,37,20,23,47
40,38,8,9,7,71,7,8,9,9,9,8,37,15,28,47
32,33,8,10,7,70,10,7,10,9,7,9,33,17,30,48
35,38,8,9,7,62,7,9,8,10,9,8,37,15,28,48
37,31,7,10,7,65,8,8,8,7,8,7,36,18,23,48
38,39,7,8,10,72,7,9,9,8,7,7,37,20,25,47
40,35,10,10,10,62,9,8,7,8,7,10,36,18,25,48
37,39,9,9,10,57,7,7,10,10,10,9,36,17,30,47
38,39,9,9,10,76,8,8,8,9,10,8,34,18,29,48
32,35,7,7,7,78,7,7,9,9,7,10,36,19,26,47
32,33,7,9,8,69,7,7,7,8,8,10,33,20,26,47
38,38,9,9,9,61,10,7,9,10,10,7,34,20,27,48
35,38,10,9,8,68,7,10,9,7,10,7,35,20,29,47
32,40,10,7,9,62,8,9,8,7,9,7,35,16,24,48
33,37,7,10,10,59,8,9,9,10,7,8,36,17,28,47
34,38,7,9,10,60,9,7,8,9,8,7,33,20,23,48
37,33,8,8,7,71,10,8,9,7,9,8,36,18,30,48
35,32,7,8,10,58,8,7,7,10,8,7,36,18,26,47
36,32,7,9,8,64,10,7,9,8,9,7,33,17,27,48
32,31,10,7,8,66,8,7,9,7,7,8,34,17,30,48
31,39,8,10,9,62,8,8,8,7,8,7,36,17,27,48
31,37,8,8,7,63,8,9,7,7,7,10,33,16,29,48
40,34,10,8,9,58,9,10,9,7,8,10,37,15,28,47
35,38,9,8,8,78,9,9,10,9,9,7,35,15,23,48
39,32,10,9,9,78,7,7,10,8,10,8,33,19,30,47
35,32,7,10,7,63,7,10,9,10,10,8,33,15,25,48
31,40,8,9,8,60,10,8,9,10,8,7,33,15,29,47
39,36,8,8,8,77,7,7,7,10,10,10,37,17,24,47
32,34,7,10,8,70,9,8,10,10,8,10,36,19,30,48
38,38,7,10,7,65,9,7,10,9,10,10,34,15,25,48
36,36,9,9,10,62,10,7,9,10,7,8,33,19,26,47
38,35,10,10,9,75,10,7,7,9,9,10,35,15,25,47
33,39,10,10,7,73,10,10,10,7,8,9,33,19,23,48
40,32,10,9,9,60,7,8,7,10,10,7,33,15,25,47
39,33,9,10,10,56,10,8,8,9,8,7,36,16,29,47
34,31,7,7,9,67,10,9,8,8,10,8,37,20,23,48
37,36,7,8,7,64,10,9,8,8,8,9,35,17,23,47
34,33,7,9,8,59,7,10,7,9,8,8,36,17,26,48
38,31,9,8,7,77,7,9,9,7,9,10,34,18,23,47
31,32,7,9,10,78,8,10,7,10,8,10,37,19,29,47
32,39,8,7,9,78,7,10,8,7,10,9,34,17,29,48
39,35,10,9,7,69,10,8,8,7,9,9,34,19,26,47
33,40,7,7,10,59,8,9,10,7,9,10,34,18,25,47
39,31,10,7,9,79,9,7,7,7,7,10,35,16,23,48
32,40,9,9,9,76,8,8,8,10,10,10,35,18,30,47
34,35,7,8,8,58,10,8,8,8,7,9,36,20,28,47
37,40,7,10,10,76,10,9,10,8,9,10,37,19,28,47
39,39,8,9,7,61,9,7,7,8,8,10,33,16,25,48
36,32,8,8,10,61,7,10,8,9,10,7,37,15,27,48
37,38,8,7,9,63,9,9,10,9,9,8,36,19,26,47
31,32,7,9,10,57,9,9,7,7,8,10,36,19,25,48
35,37,10,9,8,78,10,9,10,8,8,7,36,15,28,48
40,34,9,7,9,71,10,10,9,9,9,10,33,19,24,47
34,36,8,10,7,56,9,10,8,8,9,7,34,16,29,48
34,38,8,9,7,64,7,9,10,10,8,10,34,19,24,47
32,38,10,10,8,75,9,10,10,7,9,7,36,16,30,47
40,31,8,10,9,63,10,7,10,7,7,10,33,18,25,47
38,34,7,9,8,77,10,8,7,9,10,10,36,15,28,48
32,35,10,9,9,56,8,10,9,10,10,10,33,15,25,47
31,32,9,8,9,58,7,7,9,8,8,10,34,18,30,48
35,40,7,9,8,67,10,9,7,8,8,9,37,20,23,47
38,32,8,8,7,64,7,7,9,9,9,8,34,20,29,48
34,34,10,7,10,66,7,9,7,8,8,9,34,17,29,47
33,36,7,8,10,59,8,9,9,7,8,10,33,20,30,47
31,36,8,10,10,57,8,9,8,7,10,10,37,18,24,48
39,40,10,9,8,63,8,9,7,8,7,9,36,20,24,48
36,40,7,9,7,63,7,9,8,7,9,10,36,18,23,48
37,37,10,7,8,58,9,10,9,7,7,8,33,20,25,48
39,37,7,7,8,56,9,8,9,10,8,8,34,15,26,47
34,33,7,10,9,62,7,7,7,8,9,10,33,18,29,47
40,32,9,8,10,79,9,8,10,8,9,7,35,16,24,48
34,32,9,10,9,57,10,9,8,9,9,7,36,20,25,48
37,40,7,7,8,79,10,10,7,10,7,9,33,17,27,47
40,35,9,8,9,56,8,7,7,10,8,7,37,16,24,48
31,33,9,8,8,63,8,7,10,7,9,8,33,15,24,48
38,40,8,9,7,69,8,7,7,9,8,10,35,15,26,48
33,39,10,10,7,79,7,8,7,9,8,9,37,18,23,47
33,35,9,10,9,65,9,10,7,7,10,10,33,16,27,47
40,36,10,8,7,63,7,10,7,8,8,8,34,20,24,47
38,38,8,9,8,73,10,7,7,10,9,9,37,15,23,48
32,32,7,9,9,61,7,9,8,8,8,9,36,17,25,48
35,40,10,9,8,72,7,10,10,9,10,8,36,15,27,48
38,31,9,9,7,71,8,8,10,7,9,9,34,16,30,48
40,38,9,8,8,77,8,10,10,9,7,9,34,20,29,47
39,32,7,9,7,68,10,10,9,8,8,9,33,15,25,48
39,36,10,10,8,79,10,8,9,7,9,8,33,17,24,47
36,35,10,9,8,60,10,7,7,9,7,7,34,20,29,48
32,31,7,8,7,67,8,7,7,8,9,10,34,17,29,48
33,34,9,7,8,74,9,9,8,7,10,10,34,18,24,47
33,32,9,7,10,68,9,8,8,10,10,7,36,15,24,47
37,32,9,7,8,68,7,10,10,10,9,7,33,17,23,48
39,31,7,10,8,61,7,7,10,10,9,9,37,19,25,48
31,38,9,9,10,70,10,8,8,9,10,8,34,15,29,48
33,31,8,8,10,60,9,7,7,10,10,9,33,16,29,47
32,38,8,7,9,58,8,8,10,8,8,7,33,19,23,47
38,31,7,8,7,71,8,8,10,10,9,9,36,16,28,47
32,35,10,7,9,75,7,9,10,9,7,10,34,15,23,48
35,34,10,7,8,79,10,9,9,10,7,10,37,19,28,48
34,33,8,7,9,63,7,10,8,9,10,8,35,17,27,48
33,35,8,8,8,71,7,9,7,10,7,9,33,18,25,47
37,33,10,7,10,60,10,10,10,7,10,8,37,20,23,48
35,39,9,8,7,75,7,9,9,7,10,8,35,18,27,48
35,34,8,9,10,73,9,7,8,9,8,7,35,17,25,48
40,40,7,9,7,65,8,8,9,10,7,10,37,20,28,47
39,36,7,10,9,79,10,9,9,9,7,7,37,18,24,48
39,34,10,8,8,61,7,8,10,9,8,10,34,17,30,48
38,33,8,8,8,60,7,9,9,8,10,9,37,17,28,47
35,35,7,8,8,76,9,9,8,7,7,9,37,15,25,48
34,39,8,9,8,65,10,7,8,8,7,8,36,17,24,47
35,40,8,8,7,65,8,8,8,7,9,7,37,16,24,47
32,38,8,10,9,62,8,10,8,7,8,9,34,18,25,47
33,36,10,8,7,73,10,7,7,9,7,10,37,17,23,48
31,32,8,10,8,68,8,9,8,9,9,9,37,19,26,47
34,40,7,7,8,66,10,7,9,7,8,8,37,17,25,47
40,37,8,10,10,75,10,7,9,10,9,7,35,16,23,47
32,31,9,7,7,56,7,7,8,9,10,9,36,19,27,47
38,34,9,10,7,60,8,10,8,7,9,10,34,19,24,47
35,37,7,10,8,57,10,8,9,7,8,7,35,15,30,48
33,35,8,9,9,72,10,7,10,7,8,10,37,16,27,47
32,34,9,8,9,79,10,10,8,10,10,9,35,20,23,47
38,33,7,7,7,72,7,8,9,9,7,10,33,16,27,47
36,32,7,10,8,76,8,9,10,9,10,7,36,20,29,47
39,40,9,10,9,60,8,7,7,10,9,8,35,16,24,48
31,32,8,9,8,72,9,9,7,10,7,10,35,16,30,47
33,38,8,7,7,74,9,8,10,8,8,9,34,20,28,48
31,33,7,7,10,57,7,9,7,9,8,10,35,19,26,48
32,31,10,7,8,66,10,7,7,10,9,7,34,15,27,47
35,34,7,10,9,76,9,7,8,8,10,8,36,16,24,48
32,31,9,10,7,76,7,9,9,7,9,7,37,19,28,48
34,36,8,7,10,76,7,10,7,10,9,10,36,20,27,48
33,35,10,10,9,60,7,10,7,7,9,10,34,17,29,47
37,38,8,10,9,78,8,7,7,9,7,10,35,17,30,47
33,36,8,8,10,58,9,8,7,9,10,7,35,17,23,47
32,32,7,8,8,61,10,7,10,8,7,9,33,16,30,48
35,32,9,7,9,71,8,9,10,7,8,9,34,15,23,47
31,33,9,10,9,70,7,7,9,8,7,10,35,15,25,48
33,39,7,10,10,59,9,7,9,7,9,10,36,16,28,48
40,35,10,7,8,65,9,10,8,8,9,9,37,20,27,48
33,35,7,9,8,72,8,7,9,9,9,9,36,20,25,47
33,36,8,8,9,78,10,8,10,8,9,10,33,16,29,48
36,35,9,10,8,69,8,10,7,9,10,8,34,20,26,47
38,38,10,9,7,63,7,10,10,8,9,10,37,16,30,47
40,36,10,8,10,56,10,9,8,9,10,8,34,18,25,48
39,35,7,9,8,57,8,7,8,9,8,8,35,15,26,48
34,35,8,8,8,78,7,10,7,8,8,10,37,15,24,48
35,40,8,9,8,68,9,8,8,7,7,7,38,17,29,48
31,32,8,8,9,62,8,7,10,8,7,10,39,20,28,47
35,31,8,9,7,65,10,9,8,9,9,9,39,17,26,48
33,39,8,8,7,64,7,8,10,9,7,10,39,19,29,47
36,33,7,10,10,69,8,7,7,8,10,8,38,17,29,48
40,32,8,8,10,71,7,7,9,9,7,8,40,16,30,48
33,33,8,10,9,64,9,8,8,10,10,9,40,15,27,47
32,35,8,9,9,77,8,7,8,7,8,7,39,19,28,48
32,35,10,9,10,73,8,8,9,9,8,10,40,18,28,48
37,35,9,8,7,76,7,8,8,9,7,9,38,19,29,48
37,40,9,7,7,68,7,10,10,10,9,8,40,15,26,48
31,31,7,9,8,70,10,9,10,9,9,9,40,19,30,47
39,34,10,8,9,76,8,8,8,9,9,9,38,19,28,48
34,33,7,8,8,62,8,8,9,9,10,8,39,19,27,47
32,33,8,8,7,71,10,8,7,7,10,7,40,20,23,48
37,35,9,7,8,63,7,9,9,7,10,9,38,15,30,47
36,33,10,9,8,71,7,9,9,8,7,9,38,20,27,47
39,34,7,10,10,61,9,10,9,10,9,8,39,16,28,48
38,32,9,10,8,61,10,10,10,7,7,10,39,19,23,47
32,40,10,8,9,65,10,10,8,8,9,8,38,19,30,47
39,35,9,7,10,61,10,10,7,7,8,10,38,19,25,48
38,34,9,9,8,61,7,9,9,9,9,7,39,17,27,48
36,39,10,8,7,67,7,9,9,9,7,8,38,16,29,47
39,38,10,10,7,60,8,9,9,8,8,8,38,19,24,48
38,38,8,8,10,72,10,7,7,8,8,9,39,16,30,47
40,34,9,9,9,73,9,9,10,8,7,7,39,16,29,48
40,37,7,7,8,63,10,8,9,7,7,8,40,18,28,48
36,34,7,9,9,56,9,9,10,10,7,7,39,15,30,48
36,36,7,7,7,68,7,8,9,10,8,9,38,20,26,48
35,35,7,9,7,66,7,8,10,7,10,8,40,19,23,47
39,31,10,9,9,73,9,7,8,8,9,7,40,15,27,47
34,33,10,7,8,63,9,8,8,10,9,7,39,20,28,47
37,35,10,10,8,71,9,9,10,7,10,9,40,18,29,48
38,32,7,9,7,66,8,8,8,9,9,9,39,18,29,47
36,31,10,7,7,72,9,7,8,7,8,8,40,15,24,48
40,33,8,9,9,57,9,8,9,7,8,7,40,17,30,48
32,35,10,7,10,70,7,8,9,7,10,8,40,20,24,48
31,31,7,9,8,75,9,10,10,10,9,7,40,18,24,48
37,36,7,7,7,57,9,7,10,8,8,10,40,19,29,47
33,31,9,10,7,57,10,10,10,10,9,8,40,15,30,48
36,38,8,7,9,70,9,10,8,9,7,10,38,15,28,47
35,32,8,7,9,58,9,9,9,9,8,10,39,17,28,48
32,39,7,10,10,60,8,9,7,8,10,10,39,19,27,47
33,40,10,10,8,70,9,7,7,7,10,8,39,17,28,48
32,39,10,10,10,68,10,7,9,8,8,8,39,18,28,48
37,36,7,9,7,60,8,9,7,9,10,10,39,20,29,47
37,36,7,7,9,75,9,10,8,9,9,10,40,18,26,48
33,34,9,7,10,65,7,7,8,10,9,10,40,16,29,47
35,33,10,8,9,78,9,8,8,9,9,10,38,20,29,48
38,35,8,10,8,79,10,7,7,7,9,8,40,15,26,47
37,33,7,10,10,59,8,8,8,10,8,9,38,18,25,47
37,34,9,10,9,56,7,7,8,8,9,7,38,16,28,47
32,34,8,10,8,67,10,9,10,10,7,9,38,16,30,47
39,31,8,7,10,66,7,8,10,9,9,9,40,19,25,48
35,36,10,7,10,63,7,7,10,9,10,9,39,16,28,47
33,33,9,9,10,71,7,8,10,10,10,9,40,15,26,47
38,38,10,7,10,75,7,8,8,10,7,10,38,16,27,47
36,31,8,9,7,79,8,7,8,8,7,7,39,18,29,48
34,40,9,7,8,66,8,10,9,10,7,8,38,20,28,48
34,34,7,8,10,57,8,9,9,10,9,7,39,20,24,47
33,34,10,9,10,79,8,9,8,10,8,10,40,18,28,48
34,34,10,10,10,60,8,9,10,7,10,10,40,19,23,48
39,35,10,10,8,75,10,9,9,7,9,10,38,15,28,48
36,35,8,10,7,60,7,8,10,8,10,9,40,17,27,48
38,34,7,10,8,66,8,7,9,7,8,7,40,17,28,47
33,32,10,8,8,61,9,10,10,10,8,9,38,15,29,48
34,39,9,9,7,72,9,9,7,7,7,8,40,20,28,47
33,35,10,9,7,59,10,8,7,9,7,10,38,20,29,48
37,33,10,10,8,71,8,10,10,9,10,7,40,18,27,48
31,31,9,7,7,64,8,10,8,7,10,7,39,20,26,47
33,35,8,10,9,79,9,7,10,9,8,7,40,18,28,47
31,31,9,8,9,64,10,8,8,10,10,7,38,20,26,48
34,38,10,10,7,61,7,7,9,10,9,8,39,16,24,48
32,32,8,9,8,56,8,9,8,8,7,8,38,15,29,47
40,38,10,8,9,56,8,8,9,10,7,10,38,19,28,48
34,33,9,10,8,73,8,8,9,7,7,9,38,18,30,47
36,33,8,8,7,77,8,8,9,9,9,10,38,16,25,47
40,38,10,7,10,75,8,9,7,7,7,9,39,15,30,47
35,31,7,10,8,57,8,10,9,8,7,7,39,17,29,48
35,36,10,9,7,71,10,10,10,10,8,7,38,18,27,47
38,36,8,8,7,62,8,9,9,10,9,9,39,16,30,47
36,31,10,9,8,63,7,10,7,8,7,10,39,18,24,48
34,40,7,8,10,61,8,8,8,9,8,7,40,15,28,47
38,37,9,7,10,56,7,10,7,7,7,10,40,15,27,48
40,31,10,7,7,78,7,7,9,9,9,10,38,17,24,47
40,36,8,9,7,72,7,10,10,10,7,10,38,17,28,48
34,37,9,10,7,79,8,10,10,10,8,7,39,19,23,47
31,40,9,9,7,66,8,10,7,8,8,7,40,20,24,48
40,40,9,7,10,73,9,7,10,9,7,9,39,17,30,48
40,31,10,7,7,62,10,8,9,7,8,10,39,20,26,48
34,38,10,10,8,64,10,9,9,7,10,10,39,19,26,48
35,38,9,10,10,62,9,8,9,7,9,10,40,20,26,48
34,31,7,8,9,63,9,8,10,10,8,7,39,16,26,48
36,40,8,9,7,57,9,10,10,8,9,8,40,19,24,47
40,34,7,8,7,67,10,10,9,10,10,8,40,20,24,47
34,35,8,10,9,70,10,9,7,10,8,10,40,20,26,48
35,37,8,9,10,74,8,10,9,8,8,7,39,19,27,47
39,33,9,10,8,62,9,8,10,10,7,7,38,19,24,47
38,32,7,10,8,64,9,8,9,8,8,8,40,20,28,47
31,40,9,10,10,76,7,9,8,9,8,7,39,15,26,47
44,44,10,7,7,95,7,7,8,9,8,9,39,19,23,48
48,45,10,8,7,83,7,9,10,7,8,8,39,17,26,48
47,50,9,10,9,97,7,10,9,9,8,10,38,18,24,47
48,42,7,10,8,96,8,7,9,9,10,9,38,15,28,48
45,42,9,9,10,80,7,8,7,10,9,9,40,17,27,48
41,48,10,8,7,86,9,9,10,10,7,10,38,15,28,48
47,46,9,7,10,88,10,7,8,7,10,10,38,15,29,47
46,50,9,7,10,89,9,10,9,10,10,8,40,15,25,48
45,44,7,9,10,93,8,7,7,10,10,10,38,19,29,47
47,49,10,7,9,93,8,8,7,10,10,8,39,17,25,48
48,44,9,7,7,80,8,7,7,10,10,10,40,19,24,48
44,50,7,7,7,85,7,10,8,7,9,8,40,15,25,47
43,44,10,9,7,95,10,10,7,10,9,10,38,19,23,47
43,41,10,9,9,82,10,9,7,10,7,9,39,19,30,48
49,41,10,9,9,96,10,9,8,9,10,10,38,18,28,48
41,44,7,10,7,97,10,8,10,8,10,8,38,18,25,47
50,49,8,7,10,95,7,8,7,7,8,10,38,20,26,48
47,47,7,10,8,80,9,7,7,7,9,7,40,16,25,48
42,48,10,7,7,88,7,9,7,10,7,10,40,17,28,48
42,48,10,10,8,83,9,9,10,7,7,7,39,20,27,47
44,41,8,7,9,93,10,9,7,8,9,9,40,20,29,48
43,50,8,9,9,91,8,10,9,9,9,10,38,15,23,48
46,41,10,7,10,87,9,9,9,9,9,9,39,20,25,47
47,50,10,7,9,96,9,7,9,9,9,10,40,19,26,48
49,42,10,10,8,83,7,10,9,10,9,9,38,15,26,48
43,47,9,10,9,84,7,8,8,7,10,9,39,19,29,48
49,42,7,7,7,86,7,9,10,10,8,10,40,18,28,48
41,41,8,8,10,85,7,8,10,9,7,7,39,18,30,48
49,50,8,8,8,86,7,7,8,8,10,10,38,18,30,47
47,44,7,8,7,86,8,7,9,7,10,9,38,19,29,47
49,41,9,10,8,96,7,9,8,7,7,8,38,15,26,47
41,47,7,7,8,93,10,9,10,8,10,9,38,16,24,48
50,48,10,8,10,95,10,10,10,7,9,8,39,17,29,48
45,47,8,7,9,95,9,7,8,9,9,8,40,16,29,48
42,46,9,7,7,92,7,8,7,7,9,8,38,19,27,47
50,46,7,9,9,82,8,8,7,10,7,7,39,15,27,47
43,48,8,7,8,93,8,9,7,10,9,7,40,15,26,48
41,42,10,8,9,89,7,8,7,8,8,7,38,19,30,48
48,41,9,8,8,95,8,10,7,9,9,9,40,16,28,47
50,50,7,7,7,92,8,8,10,8,7,10,40,18,28,47
50,45,7,9,9,92,7,7,10,10,9,7,39,15,30,47
46,50,9,9,10,82,8,7,7,9,8,10,40,19,24,47
47,48,9,9,10,92,10,10,7,8,10,10,40,15,25,47
42,44,8,9,9,83,9,9,10,10,8,10,38,18,23,48
44,44,9,10,8,94,10,9,7,10,7,9,39,19,24,47
46,50,9,10,10,86,7,8,8,10,10,8,39,16,29,47
47,43,7,8,7,97,8,7,7,8,9,10,40,19,28,47
48,44,8,8,9,88,10,8,9,7,8,7,39,18,25,47
49,43,7,9,7,94,9,8,10,7,8,7,39,19,30,47
43,48,9,8,8,95,9,7,7,8,8,9,38,15,24,48
43,46,9,9,7,87,9,10,10,8,8,7,40,16,27,48
49,45,10,9,8,89,7,8,9,9,8,9,40,17,27,47
50,46,7,9,9,80,10,7,9,8,7,8,38,20,28,48
41,44,9,8,9,96,8,9,8,8,7,7,39,17,25,48
43,44,10,7,7,89,7,9,10,8,10,9,39,17,27,48
42,44,8,9,9,91,9,7,10,9,8,10,40,19,23,47
50,42,10,8,8,80,7,9,7,8,8,9,40,15,23,48
45,42,9,8,8,82,10,9,10,9,10,9,39,16,29,48
46,50,8,7,10,95,10,10,7,8,10,7,39,20,25,48
41,46,9,9,9,89,7,9,10,10,8,7,38,20,29,47
46,46,10,7,8,97,8,8,7,8,8,9,39,16,23,48
45,50,8,8,10,80,7,9,9,9,9,9,39,15,24,48
47,41,10,10,8,94,7,10,9,8,10,7,39,16,25,48
41,48,7,8,10,89,8,7,7,10,9,7,39,17,26,47
47,50,10,9,10,86,7,8,10,8,10,8,39,19,24,47
43,47,7,7,7,88,7,10,7,9,8,10,38,17,24,48
46,50,9,10,8,95,10,9,10,9,8,9,38,15,26,47
42,47,8,7,10,92,8,8,8,8,10,8,39,18,26,47
41,50,7,7,8,92,9,7,8,8,10,8,40,19,27,47
50,49,9,9,7,90,9,9,7,10,8,9,38,20,26,48
48,49,7,8,10,93,10,9,8,10,10,8,39,20,23,48
50,48,9,8,8,81,9,9,8,8,10,7,38,17,30,48
50,46,8,7,8,80,10,7,8,8,9,10,40,19,29,47
50,47,9,8,10,83,9,10,9,10,10,8,39,17,28,47
48,43,7,7,9,92,8,9,10,7,10,9,39,19,27,47
48,41,9,8,10,87,10,10,9,7,10,10,38,16,25,47
43,45,8,7,8,91,8,7,10,8,8,10,39,20,24,47
45,47,10,7,9,97,9,7,8,9,8,7,40,17,24,48
46,49,10,10,8,91,8,10,9,9,10,7,39,18,25,47
46,45,8,7,9,85,10,8,10,7,8,7,40,17,24,48
47,46,10,7,10,93,10,7,10,10,7,10,39,19,25,47
48,46,9,7,10,80,10,7,10,7,9,9,40,17,24,47
42,46,10,7,10,83,9,8,9,8,10,10,40,18,24,47
50,42,8,10,8,88,9,9,8,7,8,9,39,19,24,47
48,42,8,9,10,88,8,9,9,8,7,9,39,19,23,48
50,44,9,7,7,94,8,10,8,7,9,7,39,18,27,48
43,50,7,8,9,81,7,8,7,10,8,10,39,17,25,47
44,49,8,7,8,90,9,9,7,10,8,7,38,15,23,47
48,46,7,7,9,83,9,8,7,8,9,9,40,16,24,47
47,46,8,7,8,80,7,9,7,8,10,9,38,18,24,48
46,42,10,7,10,80,10,10,9,8,10,9,39,15,25,47
41,50,10,9,10,84,9,10,9,8,8,7,39,18,30,48
48,47,8,9,9,95,7,10,10,7,7,9,40,18,26,48
44,46,10,7,7,97,10,8,8,8,7,10,38,15,23,47
44,44,7,7,10,85,8,7,10,10,8,9,40,20,30,48
49,47,10,9,8,91,7,8,9,8,8,10,38,20,27,48
41,48,8,7,8,86,9,10,10,7,9,10,38,17,25,47
48,41,8,7,8,92,10,10,7,8,9,10,39,16,29,47
46,49,7,10,7,83,8,7,10,10,9,8,39,20,30,47
46,45,9,10,8,96,8,8,9,10,7,9,40,15,29,48
41,41,9,10,9,91,8,8,8,10,8,10,38,17,27,47
47,43,7,9,10,83,9,10,7,7,7,10,39,16,27,48
45,41,9,7,7,96,7,9,10,8,9,8,39,16,27,48
42,48,10,7,8,80,10,10,7,9,10,10,38,17,24,47
42,48,10,9,9,96,9,7,9,9,10,9,39,19,24,48
41,44,8,7,8,83,10,7,8,10,9,9,40,18,26,48
47,48,9,7,10,80,10,9,7,9,9,9,39,19,23,47
45,48,9,8,10,93,7,7,9,9,7,9,38,20,26,48
42,49,7,7,10,96,7,8,7,7,7,10,40,15,30,48
44,45,7,7,7,89,9,10,8,8,8,9,39,19,23,48
41,42,8,7,9,80,10,9,10,8,8,7,39,19,23,47
42,41,10,8,8,87,10,9,8,7,7,8,38,20,26,47
46,46,7,8,10,90,7,8,8,10,10,9,38,17,28,47
48,50,9,9,9,88,8,10,7,7,7,7,38,18,23,48
47,45,8,9,10,89,9,8,7,10,7,7,40,16,23,48
43,49,7,10,8,82,9,8,7,10,9,10,40,17,29,47
47,48,8,7,9,81,10,7,7,10,8,9,40,15,28,47
43,44,9,7,7,94,10,8,9,9,8,7,38,18,30,47
46,48,10,8,10,95,10,10,10,7,7,8,40,17,27,47
41,42,9,10,10,94,10,8,10,7,10,9,40,16,26,47
42,43,7,9,10,83,7,8,7,7,8,8,39,16,26,47
50,48,7,10,9,92,8,9,8,8,7,10,39,20,30,47
48,44,8,9,8,85,10,8,10,9,8,7,38,16,29,48
46,43,9,10,8,87,10,9,10,7,9,7,39,16,27,47
48,48,7,10,7,93,10,10,8,9,8,10,39,16,30,48
45,47,9,10,9,82,8,10,8,7,10,9,38,15,25,47
41,48,7,9,10,95,9,7,7,8,8,8,39,20,30,48
44,49,7,10,8,83,10,7,7,10,7,8,40,18,23,48
48,47,8,9,8,97,10,8,8,8,7,7,40,16,30,48
41,49,10,8,10,92,8,10,8,8,8,8,39,15,26,48
49,46,7,7,8,85,9,10,8,9,10,8,39,19,24,47
42,50,10,10,8,91,7,10,9,8,10,8,38,20,25,47
45,45,9,10,10,94,10,7,9,7,7,9,39,17,23,47
46,45,7,9,10,88,7,10,8,7,7,10,39,19,28,48
48,45,8,7,8,95,10,10,9,9,8,10,38,19,24,48
50,42,9,8,8,97,7,9,9,10,8,10,40,19,30,48
49,44,9,7,8,93,7,8,7,7,8,8,39,15,23,47
46,41,9,9,9,81,9,8,10,10,10,7,38,20,28,47
48,44,10,9,7,95,7,7,10,8,9,7,40,19,28,48
50,45,10,7,8,86,7,8,7,9,10,10,40,16,23,48
46,45,10,7,8,95,8,7,9,9,10,7,40,18,28,47
48,48,10,7,10,93,8,7,10,8,9,7,38,15,23,47
49,44,10,10,9,88,9,7,7,7,10,9,40,17,29,48
45,43,7,9,9,96,8,10,8,8,7,9,39,19,27,48
46,50,7,8,8,95,7,7,9,7,8,10,40,15,30,48
43,50,8,10,7,86,9,9,10,9,9,9,39,19,27,47
41,48,9,7,9,85,8,10,10,10,8,7,39,15,27,48
49,50,8,10,10,91,7,9,10,7,10,8,39,15,25,48
42,47,7,10,9,90,7,10,10,8,10,7,39,19,23,47
42,44,7,8,7,94,9,7,9,7,9,8,39,16,25,47
44,46,7,8,7,96,8,7,7,8,10,10,39,15,28,48
44,48,8,7,7,81,7,9,7,7,10,9,40,19,28,47
43,41,9,9,10,97,9,9,8,9,8,10,39,16,30,47
48,43,8,8,8,83,9,10,8,9,8,9,39,15,27,48
45,43,9,10,8,82,8,10,9,10,7,8,39,17,30,47
45,42,9,7,10,87,9,10,9,10,9,10,39,19,30,48
42,47,7,8,10,91,7,8,10,10,9,10,40,17,30,47
41,48,9,9,10,93,9,7,10,7,8,9,38,17,24,47
43,47,10,9,8,87,10,10,7,9,7,9,39,18,29,47
48,47,9,8,8,80,7,9,9,7,7,8,40,15,26,48
49,43,10,10,10,82,10,7,7,7,7,7,40,20,25,47
41,49,9,8,9,91,9,10,9,9,7,7,39,16,26,47
46,45,7,9,9,87,7,7,7,8,10,8,38,17,28,48
46,41,7,7,10,96,7,9,9,10,7,7,39,18,25,47
43,48,10,7,7,88,7,7,8,7,7,7,38,19,29,48
47,47,10,9,8,90,7,8,9,10,8,8,39,15,26,48
49,44,9,9,8,95,9,9,10,8,9,7,40,15,25,48
46,50,8,9,7,88,9,7,10,8,7,7,38,18,26,47
50,47,8,9,8,81,8,7,10,8,8,7,40,17,25,47
49,41,10,10,8,84,8,10,10,7,9,8,38,19,25,47
50,49,10,10,7,93,9,8,7,9,10,7,38,20,24,48
47,46,7,10,9,87,9,10,7,8,7,7,38,15,30,48
42,41,10,10,7,85,8,9,10,7,10,8,39,19,27,48
42,50,9,8,7,83,8,8,10,8,10,9,40,17,27,48
49,44,8,7,10,88,10,10,8,8,9,7,39,15,23,48
44,47,10,7,10,87,10,10,10,9,10,9,39,17,26,47
47,43,9,10,10,96,9,9,8,9,7,9,38,15,28,48
47,49,9,10,7,94,8,10,9,9,8,7,39,16,26,47
49,41,10,10,7,80,9,7,8,10,9,7,39,20,23,47
46,45,9,8,9,82,9,9,8,7,9,7,38,20,28,47
46,41,8,7,7,90,7,10,10,9,7,9,40,16,24,47
50,44,10,7,10,91,7,10,7,8,8,8,39,18,27,47
46,50,10,7,9,85,10,10,9,9,9,8,38,15,26,47
48,50,7,10,10,97,8,8,10,10,8,8,38,16,29,47
44,47,7,7,8,89,9,9,7,7,9,8,39,17,29,48
42,45,10,10,7,89,7,10,9,10,7,9,39,16,30,47
46,41,10,8,9,84,7,7,10,10,7,9,39,20,23,48
43,47,8,7,10,95,8,8,7,7,9,8,38,19,29,47
47,48,7,9,7,91,10,9,8,9,10,8,39,16,24,47
41,41,9,7,8,92,7,9,8,9,7,9,39,15,25,47
47,41,9,8,10,92,7,10,8,7,8,9,38,19,24,47
48,50,9,9,8,89,7,8,10,7,8,8,40,16,23,48
41,42,8,8,9,81,7,8,9,10,9,8,38,17,26,47
41,44,9,7,10,90,9,10,10,8,8,10,38,15,26,48
42,47,10,8,8,93,8,8,10,9,8,8,38,20,25,48
46,43,9,9,9,84,10,8,10,10,8,7,38,15,23,48
46,48,10,10,7,92,8,7,7,9,7,9,40,17,27,48
43,47,7,9,10,93,10,7,7,8,8,10,40,19,29,47
42,44,7,10,8,91,8,8,10,10,7,8,40,18,26,48
43,49,7,8,10,88,7,7,9,10,10,7,39,19,30,47
44,47,7,7,9,96,7,9,8,10,8,9,40,15,24,47
48,48,7,8,10,94,7,7,8,10,10,8,38,19,27,48
41,46,8,7,10,87,10,9,8,8,8,7,38,18,27,48
42,44,10,7,8,82,9,8,9,8,9,9,39,18,27,47
43,43,9,8,9,92,10,10,7,8,10,9,38,16,23,48
46,44,7,10,9,95,8,10,7,9,8,8,40,16,30,48
49,47,7,9,8,85,7,8,7,10,7,9,39,20,25,48
42,48,8,8,9,90,9,7,7,8,7,9,39,17,25,47
49,47,8,8,10,94,8,7,7,9,9,7,38,20,23,48
44,48,9,10,10,80,7,7,9,10,8,10,38,15,27,48
41,47,8,9,8,86,10,10,10,9,9,9,39,20,27,47
43,48,8,10,9,84,9,10,9,7,7,9,38,20,24,47
44,43,7,10,9,97,8,7,8,9,8,10,38,20,23,47
41,43,8,7,8,97,7,7,9,10,9,10,38,17,30,47
50,45,9,9,9,83,7,8,10,7,7,8,38,20,26,47
43,43,8,8,9,86,8,9,8,10,9,10,39,19,30,47
45,48,8,9,10,84,10,7,9,10,10,10,40,16,27,48
41,50,7,9,8,82,7,8,9,10,10,8,38,19,25,47
49,46,8,9,9,95,10,10,8,8,9,10,38,17,29,48
44,42,9,9,8,85,7,8,7,8,9,10,40,19,29,48
43,49,7,7,7,97,9,7,10,9,8,8,40,17,25,47
45,48,7,7,10,92,8,8,10,9,10,9,38,18,30,47
50,43,8,8,7,85,10,10,7,8,9,8,38,16,26,48
46,44,7,9,9,89,9,8,8,9,7,8,39,20,23,48
50,50,8,7,7,96,8,7,9,10,10,8,38,17,30,47
44,41,9,10,9,87,8,8,8,10,9,9,40,16,26,48
45,45,10,7,8,81,7,7,9,8,9,9,39,19,30,48
48,47,10,7,7,93,10,8,8,8,7,10,39,19,23,48
47,48,10,9,8,81,7,10,8,7,8,8,39,17,26,48
46,41,9,9,9,97,10,7,9,7,7,10,40,16,27,47
50,41,10,9,9,87,9,9,8,8,10,10,38,15,25,47
47,50,8,10,8,91,7,8,7,8,9,8,38,18,30,47
47,42,10,10,9,86,7,7,7,7,8,7,38,16,28,48
46,47,8,8,10,86,10,8,8,9,9,10,38,18,24,48
50,46,7,9,7,94,9,9,8,7,10,9,39,19,24,48
46,43,10,9,10,89,7,7,8,10,8,10,39,19,23,47
43,42,7,10,10,96,7,9,9,7,10,8,40,17,28,47
43,46,10,8,10,91,10,8,8,9,9,8,39,18,25,47
43,44,9,8,10,86,7,8,9,8,9,10,38,20,27,48
48,42,7,7,7,82,7,8,8,9,10,7,38,15,24,48
45,49,9,7,7,92,7,9,7,9,10,8,38,19,30,48
49,47,10,7,7,96,8,8,8,8,10,7,40,19,28,48
42,46,8,7,7,88,10,9,9,8,10,8,40,17,24,47
43,41,8,8,10,97,9,7,8,8,10,7,39,20,27,48
47,48,7,7,8,95,8,7,10,8,10,7,40,17,26,48
47,45,8,8,8,82,7,8,9,10,9,9,40,17,28,47
47,47,9,7,7,93,8,7,9,10,7,7,39,16,24,47
44,48,10,9,7,89,9,7,9,7,9,8,38,15,25,48
48,49,7,8,8,96,8,9,10,8,7,9,38,16,29,48
41,47,10,9,9,89,8,7,8,9,10,9,39,16,29,48
48,49,8,8,7,93,7,7,8,10,7,7,39,20,23,47
46,45,9,7,10,89,10,10,7,10,10,9,38,17,24,47
49,41,7,10,10,95,7,8,8,9,10,7,40,16,30,47
42,50,8,8,9,80,7,10,7,9,9,7,38,15,30,48
43,43,7,8,9,81,8,10,10,8,7,7,38,20,29,48
41,41,10,8,10,86,7,10,9,9,9,10,38,20,24,47
44,42,9,8,7,82,7,7,7,10,10,8,38,17,30,47
47,48,7,9,7,90,8,7,8,10,9,9,39,16,25,48
48,49,8,8,9,84,10,7,8,7,10,8,38,18,23,47
46,50,10,9,10,86,9,9,7,8,8,9,39,16,25,48
44,47,8,8,8,90,10,9,9,9,8,9,39,17,28,47
42,47,8,9,8,91,7,8,9,7,10,10,38,19,26,48
46,43,9,7,8,95,7,8,7,8,7,10,38,20,24,48
49,45,9,8,8,85,7,10,10,7,7,10,38,17,24,48
45,42,7,9,10,84,7,9,9,10,10,10,38,19,30,48
48,44,8,8,10,94,9,10,8,8,10,10,39,16,30,48
48,47,7,10,9,93,8,8,8,7,9,7,40,20,24,47
47,44,10,10,10,87,8,7,7,7,10,10,39,19,30,48
42,47,7,7,10,81,8,10,9,9,10,10,40,20,30,47
50,41,10,7,7,84,10,8,8,9,10,8,38,16,26,48
48,41,8,8,9,95,7,10,8,7,7,7,38,17,27,48
50,49,7,7,9,92,10,7,9,10,9,10,40,16,26,48
48,50,7,10,10,86,9,10,7,7,8,9,40,15,23,48
41,44,9,8,9,97,10,8,7,8,9,10,40,16,24,48
48,49,7,7,10,89,10,9,7,10,10,10,38,15,28,47
41,45,8,10,7,84,8,7,9,10,9,7,38,17,26,47
46,41,10,9,7,82,9,8,10,9,7,10,40,17,28,47
49,42,10,9,7,81,10,9,9,7,8,8,40,19,26,48
46,48,10,10,8,95,8,10,10,9,8,8,39,18,25,47
44,42,7,10,9,86,10,7,7,7,7,9,38,20,25,48
46,47,9,10,8,83,9,10,9,10,8,8,40,19,29,48
49,42,10,9,7,94,7,10,9,10,10,7,38,16,25,47
49,45,7,10,8,82,9,8,9,9,8,8,38,19,27,47
45,48,9,8,9,95,10,8,9,8,8,8,40,19,24,48
41,50,8,10,8,82,9,9,8,8,9,8,40,16,27,48
43,44,8,9,7,85,9,9,7,8,10,9,38,16,24,48
43,50,10,9,10,80,7,9,8,8,8,7,40,18,25,47
47,41,7,9,7,95,8,7,8,7,8,9,40,17,27,47
47,44,10,8,8,85,9,10,7,9,7,10,40,19,25,48
49,46,9,9,7,97,9,7,9,7,7,7,40,17,27,47
41,43,10,8,9,85,8,9,9,9,9,7,40,19,28,48
48,50,9,7,10,80,8,10,10,9,7,9,38,17,27,47
42,44,10,9,9,85,8,8,7,7,7,9,38,19,23,48
46,50,10,10,10,91,10,8,8,8,8,10,39,16,29,47
44,47,9,8,10,85,8,9,10,7,9,8,38,20,24,48
41,47,8,9,10,81,8,10,10,8,8,8,40,16,27,48
44,41,7,8,8,85,7,7,9,8,10,8,38,18,30,47
50,45,8,10,8,84,10,9,7,7,7,10,38,19,25,48
45,47,9,10,7,97,7,9,10,8,7,8,38,17,27,47
42,41,8,7,7,95,9,7,10,7,9,10,40,15,29,47
