id,gender,Cat 1,Cat 2,Fat,Attendance,CGPA
1,Female,42,30,19,89,2.57
2,Male,1,12,45,45,6.15
3,Female,45,16,54,7,0.67
4,Female,8,9,37,15,6.67
5,Female,31,16,21,71,6.67
6,Male,29,2,90,11,1.31
7,Male,38,10,93,17,0.84
8,Female,1,22,79,46,2.58
9,Male,17,22,50,93,5.07
10,Female,29,47,29,93,0.49
11,Female,10,2,39,24,0.42
12,Male,21,41,20,16,0.13
13,Male,17,44,77,82,0.78
14,Female,29,16,41,58,5.64
15,Male,46,41,42,72,6.39
16,Male,21,33,14,67,9.74
17,Female,16,1,80,89,9.57
18,Female,22,40,72,32,6.99
19,Female,16,4,16,93,0.8
20,Genderfluid,29,30,55,23,5.15
21,Male,11,22,17,2,9.01
22,Male,30,25,95,74,3.58
23,Female,34,25,66,44,4.98
24,Male,12,35,63,84,4.65
25,Female,42,45,29,76,5.92
26,Male,1,21,11,40,0.44
27,Male,13,25,67,51,9.15
28,Female,16,18,28,32,2.76
29,Male,30,20,11,86,5.6
30,Female,34,46,91,69,1.78
31,Female,49,19,55,92,7.87
32,Female,24,1,56,19,6.57
33,Male,28,20,37,31,7.66
34,Female,10,1,49,10,5.32
35,Female,22,37,10,57,9.54
36,Female,12,46,86,29,0.62
37,Bigender,47,30,51,40,5.03
38,Female,17,48,83,94,5.43
39,Female,49,29,58,16,7.31
40,Female,4,25,8,14,3.68
41,Male,6,25,3,19,1.61
42,Male,0,6,0,89,9.04
43,Male,45,36,76,10,5.96
44,Male,9,25,10,28,3.58
45,Female,29,49,84,49,3.97
46,Bigender,1,31,77,31,1.04
47,Female,24,20,31,58,1.11
48,Female,28,13,30,27,6.36
49,Female,2,3,17,3,0.35
50,Male,34,49,28,66,1.85
51,Male,10,13,49,2,6.96
52,Female,44,33,96,34,6.26
53,Male,47,50,23,52,3.09
54,Male,24,41,25,62,7.25
55,Male,9,35,76,7,7.53
56,Female,11,13,42,86,9.7
57,Genderfluid,49,10,26,44,6.51
58,Male,20,39,9,17,4.73
59,Female,35,32,3,36,2.01
60,Female,38,35,38,97,2.37
61,Female,35,36,39,52,5.55
62,Male,30,4,5,52,8.36
63,Male,24,38,88,50,2.0
64,Female,38,5,42,36,9.13
65,Male,10,33,10,1,5.96
66,Female,32,37,5,17,8.84
67,Male,3,11,18,70,6.33
68,Female,33,9,71,6,8.75
69,Male,2,47,14,30,0.32
70,Genderfluid,46,26,87,92,5.07
71,Male,43,30,12,65,1.55
72,Male,46,38,71,68,1.5
73,Female,3,7,15,41,1.79
74,Male,1,36,70,66,7.07
75,Male,27,1,35,5,9.58
76,Male,38,31,31,38,6.45
77,Agender,29,24,82,33,2.09
78,Female,18,35,100,91,7.1
79,Male,6,1,54,28,6.88
80,Male,6,24,33,13,7.01
81,Female,2,4,44,50,5.09
82,Female,46,11,37,20,1.26
83,Female,4,23,23,11,4.07
84,Female,37,11,37,39,6.4
85,Female,10,41,51,80,5.88
86,Male,22,24,44,96,7.45
87,Female,0,2,10,73,5.74
88,Polygender,5,0,55,91,7.4
89,Male,30,26,89,13,4.33
90,Female,50,6,70,85,5.12
91,Male,3,35,59,59,3.49
92,Female,46,41,5,73,9.89
93,Male,29,34,89,1,1.67
94,Female,35,36,46,41,3.93
95,Female,30,28,20,17,8.25
96,Male,38,27,29,100,2.63
97,Female,16,6,92,75,1.83
98,Female,15,38,28,58,2.46
99,Genderqueer,23,5,53,77,9.74
100,Female,49,26,9,55,9.82
101,Female,15,35,50,91,2.29
102,Genderqueer,33,50,75,11,1.35
103,Male,7,46,12,41,4.92
104,Female,13,5,12,66,1.49
105,Male,9,41,98,37,4.36
106,Female,4,22,19,19,8.73
107,Genderfluid,19,39,66,32,4.07
108,Male,16,25,95,24,5.66
109,Female,12,30,71,6,5.14
110,Female,42,4,60,11,0.35
111,Male,25,22,12,53,8.6
112,Male,29,26,84,15,6.58
113,Male,32,20,41,53,9.0
114,Male,44,50,0,73,2.62
115,Female,9,22,96,21,7.82
116,Female,3,6,52,39,1.79
117,Female,46,9,59,26,4.11
118,Male,46,36,26,87,3.21
119,Male,19,46,67,86,3.03
120,Female,24,29,65,4,2.3
121,Male,22,0,10,73,9.39
122,Female,33,39,66,31,4.67
123,Female,44,0,35,91,4.64
124,Female,5,45,27,19,0.2
125,Female,37,15,50,60,5.09
126,Agender,35,18,45,32,5.45
127,Female,40,50,20,79,9.33
128,Male,17,10,25,94,1.42
129,Female,27,2,47,7,4.14
130,Male,28,17,89,93,6.45
131,Male,31,12,7,61,5.97
132,Female,47,34,71,33,0.86
133,Female,25,43,70,46,3.33
134,Male,31,46,91,34,4.52
135,Male,24,6,70,89,8.75
136,Non-binary,13,33,42,12,3.75
137,Genderfluid,29,8,28,66,1.78
138,Female,22,6,55,99,9.7
139,Non-binary,24,18,52,79,0.33
140,Male,46,37,100,27,6.06
141,Female,0,9,52,77,3.42
142,Bigender,20,46,50,81,4.06
143,Female,45,2,29,45,5.05
144,Female,13,28,42,3,2.27
145,Female,50,12,90,84,0.05
146,Female,11,11,29,82,1.44
147,Female,20,35,25,81,6.03
148,Female,39,48,68,66,7.36
149,Female,8,30,64,94,9.99
150,Male,19,8,13,2,0.74
151,Female,40,46,87,4,1.13
152,Male,17,14,14,22,0.66
153,Female,0,19,59,23,0.71
154,Female,26,3,56,71,0.22
155,Female,39,3,99,74,3.55
156,Male,16,39,95,24,7.87
157,Agender,29,44,13,45,6.72
158,Female,18,46,70,56,8.81
159,Male,19,30,41,31,8.77
160,Female,31,28,82,20,7.7
161,Male,40,4,54,5,5.44
162,Male,11,50,38,95,1.5
163,Male,1,32,33,88,8.81
164,Male,30,3,15,74,0.45
165,Male,42,41,96,40,2.91
166,Female,29,15,7,42,9.47
167,Male,44,5,11,58,1.52
168,Male,37,21,65,75,1.42
169,Male,11,46,31,50,1.61
170,Male,10,10,49,28,7.62
171,Female,7,23,86,96,3.68
172,Male,28,49,12,75,8.67
173,Male,2,3,7,38,9.51
174,Male,21,10,93,21,7.04
175,Male,36,34,23,8,7.59
176,Male,20,27,76,60,5.82
177,Female,39,25,58,78,4.61
178,Female,25,41,78,9,2.01
179,Female,21,34,76,29,5.08
180,Female,7,44,26,29,7.08
181,Male,8,13,99,69,2.67
182,Non-binary,19,33,94,80,4.11
183,Male,38,43,66,8,1.25
184,Male,22,42,33,73,8.92
185,Female,13,32,77,80,3.86
186,Female,14,31,5,97,9.1
187,Male,5,35,76,37,8.54
188,Female,11,44,93,37,9.17
189,Male,35,38,53,4,8.77
190,Male,3,18,81,19,3.41
191,Male,36,12,13,78,4.39
192,Genderqueer,9,38,39,71,4.05
193,Female,31,17,77,76,2.53
194,Male,43,14,17,28,5.28
195,Female,9,26,37,13,7.41
196,Female,17,46,94,4,3.2
197,Female,13,16,49,12,0.62
198,Female,29,44,27,7,7.38
199,Female,50,11,25,22,3.76
200,Female,11,31,25,56,0.21
201,Male,29,9,80,20,6.49
202,Male,24,49,12,93,4.71
203,Male,28,25,23,54,0.26
204,Male,50,48,45,81,6.54
205,Male,17,3,13,67,6.83
206,Male,36,19,47,24,7.95
207,Female,14,48,38,56,5.43
208,Male,25,29,72,98,9.45
209,Male,23,29,44,56,1.77
210,Male,21,25,11,40,8.2
211,Female,11,20,38,55,5.43
212,Male,4,29,21,74,8.63
213,Male,14,32,81,48,4.39
214,Female,40,6,90,11,5.05
215,Male,8,27,38,57,6.95
216,Male,31,40,82,36,7.1
217,Bigender,13,20,21,42,1.57
218,Female,46,5,8,20,6.02
219,Male,35,0,70,82,7.51
220,Male,27,48,85,98,7.76
221,Male,41,23,10,78,9.04
222,Female,27,19,59,72,6.14
223,Male,1,41,73,41,4.37
224,Female,43,33,9,59,6.63
225,Male,5,21,25,67,4.9
226,Male,4,34,30,60,9.88
227,Female,16,11,79,9,3.65
228,Male,47,47,65,19,8.56
229,Male,44,21,44,74,2.14
230,Female,41,5,39,56,6.58
231,Male,15,37,76,30,1.86
232,Female,42,30,76,99,6.94
233,Female,41,2,95,61,9.03
234,Female,29,46,12,99,0.65
235,Female,22,48,20,40,7.45
236,Male,42,33,65,27,0.86
237,Female,25,21,29,9,7.68
238,Male,46,40,58,74,9.42
239,Male,4,34,28,35,8.91
240,Male,44,16,31,62,3.02
241,Male,30,0,20,25,7.37
242,Female,14,37,65,80,6.73
243,Male,26,21,67,19,0.43
244,Male,13,48,67,16,5.39
245,Female,32,8,91,84,3.71
246,Female,36,6,6,25,8.08
247,Male,27,45,44,44,8.35
248,Female,21,8,39,94,8.22
249,Male,9,0,8,71,9.61
250,Male,19,25,50,88,1.71
251,Male,45,7,36,19,1.75
252,Female,1,45,13,33,7.39
253,Male,35,11,52,95,1.25
254,Female,28,38,90,60,6.99
255,Male,10,34,65,100,9.73
256,Male,18,4,8,70,6.28
257,Female,16,37,12,49,9.71
258,Male,45,42,64,50,0.56
259,Female,35,5,36,38,4.56
260,Female,42,17,62,12,5.82
261,Female,20,17,75,71,9.51
262,Female,41,34,64,96,3.99
263,Male,5,31,4,64,1.85
264,Female,15,18,100,54,1.07
265,Female,23,40,85,48,7.57
266,Female,39,8,37,38,0.81
267,Female,10,20,90,51,7.12
268,Female,15,37,56,33,1.62
269,Male,43,5,13,65,8.54
270,Male,4,16,66,44,0.18
271,Female,10,42,56,91,7.9
272,Male,36,6,71,5,1.63
273,Female,40,26,76,52,8.58
274,Male,24,10,26,29,0.72
275,Female,1,21,63,97,1.05
276,Female,8,6,77,95,8.88
277,Male,25,10,24,58,3.82
278,Male,32,49,78,88,9.34
279,Female,22,39,82,88,2.01
280,Female,25,38,67,80,1.04
281,Female,17,47,12,88,5.04
282,Female,48,36,16,2,6.74
283,Male,46,31,98,43,2.12
284,Female,1,0,63,23,3.18
285,Male,17,9,39,34,8.0
286,Female,42,24,62,12,8.7
287,Male,23,16,76,32,7.22
288,Male,32,37,39,98,7.77
289,Female,18,31,80,66,6.99
290,Bigender,11,19,42,52,6.93
291,Male,24,31,11,55,1.62
292,Male,43,33,76,59,5.54
293,Female,46,18,50,1,8.97
294,Male,32,25,98,49,6.42
295,Female,46,46,69,85,6.2
296,Female,45,17,47,57,6.27
297,Male,19,29,83,65,4.32
298,Male,43,21,76,39,7.84
299,Male,45,15,98,15,6.85
300,Male,2,40,91,19,2.31
301,Male,33,14,15,54,9.54
302,Male,46,50,59,52,9.87
303,Female,1,50,99,57,4.2
304,Male,19,49,13,38,2.14
305,Female,44,11,69,44,7.47
306,Female,6,44,36,25,5.15
307,Male,49,24,38,6,7.65
308,Female,2,39,93,90,6.47
309,Female,37,14,36,27,7.01
310,Female,10,32,22,1,0.74
311,Female,46,10,24,15,1.96
312,Male,2,21,24,23,1.18
313,Male,35,26,29,44,1.4
314,Male,5,28,47,82,4.96
315,Female,36,41,26,47,7.58
316,Female,17,37,97,18,4.97
317,Non-binary,44,21,54,51,8.56
318,Male,10,15,65,10,9.81
319,Male,50,39,89,90,5.5
320,Female,38,23,3,86,4.49
321,Male,5,23,91,54,1.71
322,Female,40,50,14,96,2.36
323,Genderqueer,44,39,69,72,4.0
324,Female,40,5,85,54,8.27
325,Female,38,31,35,12,9.03
326,Female,48,47,55,4,1.04
327,Female,48,25,99,13,7.94
328,Female,36,18,46,65,6.29
329,Agender,18,35,38,12,0.49
330,Agender,19,50,15,18,6.55
331,Female,18,21,94,45,0.32
332,Polygender,0,16,87,84,0.36
333,Male,50,13,23,39,4.37
334,Male,14,28,41,31,7.84
335,Genderfluid,31,5,4,73,4.59
336,Bigender,16,20,74,17,7.53
337,Male,22,9,31,42,9.45
338,Female,17,9,42,80,0.92
339,Genderfluid,3,47,32,28,7.18
340,Female,47,35,26,25,6.97
341,Non-binary,41,34,9,74,8.84
342,Female,19,38,75,6,2.73
343,Male,10,33,89,68,4.89
344,Male,23,26,8,74,1.4
345,Genderfluid,41,39,31,36,9.5
346,Female,5,47,46,44,0.83
347,Female,9,2,49,90,7.85
348,Female,41,45,14,85,5.32
349,Female,12,50,34,22,9.5
350,Female,9,26,27,23,0.88
351,Male,43,23,25,64,1.88
352,Bigender,14,38,34,34,2.21
353,Female,16,9,35,24,6.51
354,Female,40,15,100,41,1.05
355,Male,11,11,45,90,1.43
356,Female,15,8,52,92,7.21
357,Male,25,12,78,24,4.46
358,Male,13,16,34,68,4.07
359,Polygender,14,20,54,58,4.58
360,Female,20,22,59,71,0.32
361,Male,36,19,25,58,10.0
362,Female,29,15,43,55,0.69
363,Female,36,23,29,49,9.44
364,Male,19,1,94,77,2.49
365,Female,38,35,39,53,1.58
366,Polygender,40,40,35,60,9.23
367,Female,32,40,43,3,7.0
368,Male,47,4,22,60,5.8
369,Male,38,11,75,5,1.5
370,Male,13,5,38,58,4.37
371,Female,7,36,7,63,6.02
372,Female,50,24,73,67,8.81
373,Male,20,25,32,67,9.81
374,Female,2,39,79,13,1.6
375,Male,32,4,7,3,0.54
376,Male,19,23,9,4,0.62
377,Male,15,0,64,56,5.34
378,Bigender,44,36,57,23,1.62
379,Male,5,0,65,75,6.32
380,Genderqueer,50,49,74,54,3.96
381,Male,41,6,98,28,6.93
382,Female,32,9,62,53,3.23
383,Male,9,32,47,76,5.43
384,Male,30,9,0,33,8.14
385,Male,34,24,39,56,1.07
386,Agender,23,20,20,47,4.65
387,Female,22,12,8,93,3.77
388,Female,5,13,31,69,7.41
389,Female,33,16,63,37,3.11
390,Male,31,47,87,15,2.49
391,Female,25,35,52,25,8.46
392,Male,4,1,82,17,8.93
393,Male,42,19,44,86,9.24
394,Male,17,0,17,100,3.95
395,Female,48,1,92,66,7.75
396,Female,36,41,91,22,1.22
397,Male,20,15,92,62,0.97
398,Male,23,12,16,0,6.74
399,Male,5,35,19,99,0.89
400,Male,49,8,52,93,7.76
401,Male,8,38,87,40,6.88
402,Male,34,50,33,1,4.85
403,Female,17,30,40,26,5.89
404,Male,36,42,4,10,5.56
405,Female,29,20,60,49,1.42
406,Female,20,37,37,12,6.55
407,Female,48,28,77,9,4.93
408,Female,5,48,76,61,2.38
409,Male,3,11,4,69,5.04
410,Female,18,41,80,6,6.68
411,Male,50,12,12,99,1.4
412,Female,16,4,57,54,6.51
413,Female,44,9,56,53,6.51
414,Female,16,9,74,14,5.79
415,Male,47,17,26,81,0.75
416,Male,19,36,58,15,8.19
417,Female,8,31,5,65,6.95
418,Female,47,39,93,34,2.15
419,Male,36,48,41,87,5.56
420,Female,49,37,77,51,9.75
421,Male,37,49,27,81,4.5
422,Female,4,29,75,84,2.02
423,Male,34,22,11,82,8.63
424,Female,12,32,70,60,3.69
425,Male,14,45,71,81,4.18
426,Male,3,50,60,32,0.45
427,Male,48,12,63,55,2.43
428,Female,11,22,1,9,4.34
429,Female,12,29,7,90,4.72
430,Male,47,48,56,2,5.33
431,Male,49,43,47,20,6.76
432,Male,28,44,92,98,3.22
433,Female,7,16,12,63,0.46
434,Male,47,27,52,9,1.4
435,Female,19,9,81,58,0.06
436,Male,41,2,57,76,5.77
437,Female,10,44,27,82,1.84
438,Female,44,29,35,5,0.22
439,Female,17,48,75,79,9.34
440,Male,29,35,0,93,6.67
441,Female,34,21,77,30,2.43
442,Female,5,46,39,10,6.73
443,Female,43,47,52,20,4.63
444,Female,32,3,76,25,4.0
445,Non-binary,49,30,93,71,3.55
446,Male,26,30,34,55,8.08
447,Genderqueer,47,27,57,100,4.06
448,Male,32,38,47,97,8.51
449,Female,5,34,50,80,0.05
450,Female,26,32,48,45,5.16
451,Male,7,24,46,87,0.3
452,Female,19,20,56,29,3.56
453,Non-binary,32,12,60,82,6.56
454,Male,45,22,92,94,9.49
455,Female,17,4,36,16,3.86
456,Male,42,18,86,94,6.51
457,Male,16,13,92,95,0.66
458,Female,19,40,46,40,1.66
459,Female,31,12,57,29,3.12
460,Male,35,39,2,6,1.22
461,Female,48,11,70,78,6.33
462,Female,4,27,21,56,7.94
463,Genderqueer,30,36,20,87,4.24
464,Female,16,3,0,77,1.21
465,Male,16,40,0,57,3.36
466,Female,24,34,85,37,6.62
467,Female,25,17,50,81,5.76
468,Female,29,36,35,29,7.88
469,Female,49,31,4,80,1.1
470,Male,16,29,34,31,5.69
471,Female,25,7,93,1,9.98
472,Male,23,1,2,2,3.15
473,Female,29,22,77,92,7.64
474,Female,37,0,52,74,8.79
475,Non-binary,38,27,89,31,9.02
476,Male,25,6,45,31,2.0
477,Female,0,46,36,63,6.56
478,Male,17,35,36,76,1.62
479,Female,29,37,85,87,5.53
480,Polygender,11,16,80,78,9.63
481,Female,40,16,13,95,4.6
482,Male,30,0,17,60,9.67
483,Male,20,26,84,91,7.76
484,Male,40,13,68,0,9.93
485,Female,42,18,8,70,0.7
486,Male,32,49,30,12,5.67
487,Genderfluid,22,42,67,50,8.59
488,Male,30,23,49,84,6.52
489,Genderqueer,9,24,37,14,6.19
490,Male,28,31,26,96,4.11
491,Female,49,3,15,13,9.91
492,Male,22,8,94,37,6.53
493,Female,8,17,96,93,3.54
494,Male,43,11,59,58,7.42
495,Female,46,14,80,78,7.95
496,Male,39,6,93,72,4.81
497,Female,32,31,17,72,8.71
498,Agender,16,24,86,33,5.15
499,Bigender,31,48,93,73,0.08
500,Female,9,14,97,19,6.89
501,Female,5,14,1,28,4.05
502,Male,24,50,88,27,8.38
503,Male,34,15,28,53,1.62
504,Male,0,0,100,22,2.5
505,Male,8,18,43,9,5.08
506,Female,24,26,99,66,7.01
507,Male,8,3,42,31,4.01
508,Male,17,40,16,48,0.76
509,Male,34,30,1,56,8.49
510,Female,24,46,78,53,0.84
511,Female,13,23,27,62,6.54
512,Male,24,30,95,28,6.83
513,Female,6,20,99,30,5.14
514,Male,6,39,69,13,5.07
515,Female,45,19,10,76,4.94
516,Male,16,33,16,56,2.65
517,Male,5,2,19,10,3.22
518,Male,17,18,43,10,7.88
519,Female,21,27,96,54,1.88
520,Female,16,29,24,64,5.44
521,Female,43,34,70,42,9.23
522,Female,38,27,58,55,9.19
523,Male,30,24,11,27,5.76
524,Male,40,27,31,36,1.02
525,Female,5,23,68,40,3.73
526,Male,21,27,40,6,3.57
527,Male,17,33,46,10,8.28
528,Genderqueer,29,2,50,99,3.02
529,Male,42,22,29,34,4.75
530,Male,8,1,49,76,1.92
531,Female,37,20,31,78,5.86
532,Female,7,46,87,71,6.65
533,Female,32,40,6,72,4.76
534,Female,47,20,48,68,1.99
535,Male,36,47,72,99,5.52
536,Agender,5,15,53,16,9.52
537,Male,14,9,79,2,9.03
538,Agender,22,29,90,31,7.49
539,Female,15,32,70,51,7.57
540,Female,31,7,46,0,5.25
541,Female,5,47,34,81,6.98
542,Male,12,13,49,83,7.94
543,Male,39,22,38,50,0.73
544,Male,39,19,12,86,2.71
545,Male,17,12,83,68,5.18
546,Non-binary,21,30,78,96,1.5
547,Female,35,30,83,35,2.38
548,Male,5,33,88,17,0.07
549,Male,10,30,94,44,2.92
550,Female,39,47,65,31,1.97
551,Male,41,8,43,60,3.47
552,Male,46,5,46,62,8.59
553,Female,12,41,34,42,9.77
554,Male,17,11,7,49,2.71
555,Male,48,11,12,91,7.8
556,Female,50,17,49,40,1.41
557,Male,43,39,84,87,4.04
558,Agender,38,37,24,42,5.06
559,Female,10,4,73,66,2.62
560,Male,26,11,54,34,9.5
561,Male,16,1,0,92,7.55
562,Female,44,8,39,95,9.63
563,Male,49,21,100,28,0.77
564,Male,44,26,52,41,8.27
565,Male,26,27,51,10,5.66
566,Male,20,39,17,9,8.44
567,Male,46,12,98,10,2.85
568,Male,2,33,7,57,5.98
569,Female,26,10,80,67,3.46
570,Female,35,34,69,52,6.74
571,Male,30,35,57,9,4.57
572,Male,16,17,90,14,1.68
573,Female,28,43,45,2,4.25
574,Male,9,23,26,56,1.93
575,Male,32,31,94,48,4.44
576,Female,24,14,99,77,8.44
577,Male,31,10,78,29,2.35
578,Genderfluid,11,45,56,2,2.41
579,Female,17,45,27,23,4.9
580,Non-binary,2,12,86,25,0.21
581,Female,43,49,41,58,7.2
582,Female,18,32,36,54,5.85
583,Male,14,28,84,42,6.63
584,Female,41,25,52,71,5.2
585,Female,3,39,8,4,8.15
586,Female,6,48,19,83,4.43
587,Male,12,11,82,65,6.92
588,Male,38,25,24,46,3.66
589,Female,37,9,48,14,8.93
590,Male,26,38,21,72,4.46
591,Female,19,29,18,19,0.29
592,Genderfluid,16,47,57,82,4.55
593,Female,6,39,28,29,6.94
594,Male,21,18,37,67,3.63
595,Male,10,36,31,73,1.81
596,Male,25,8,36,47,5.76
597,Male,18,37,9,3,8.98
598,Female,0,45,84,63,7.45
599,Male,43,21,98,58,2.62
600,Female,19,18,24,34,2.43
601,Male,15,11,92,10,8.38
602,Female,7,3,72,42,3.71
603,Bigender,9,30,65,89,7.44
604,Female,32,38,78,4,2.67
605,Female,8,11,56,52,8.61
606,Female,11,41,47,19,4.61
607,Male,46,50,92,11,3.06
608,Male,28,4,79,13,5.9
609,Female,0,33,81,21,3.56
610,Female,8,44,57,92,8.22
611,Female,8,17,35,25,0.42
612,Non-binary,39,24,23,75,4.36
613,Male,5,35,42,76,0.11
614,Non-binary,5,11,59,4,7.7
615,Male,48,24,66,91,1.7
616,Male,38,2,85,12,0.01
617,Female,36,46,81,20,8.33
618,Male,49,42,56,37,4.49
619,Female,17,24,3,90,6.51
620,Male,42,31,88,46,0.2
621,Female,23,41,15,1,8.76
622,Male,33,45,87,57,8.38
623,Male,5,24,13,49,9.71
624,Genderqueer,43,39,1,34,6.67
625,Male,17,25,15,8,8.32
626,Male,29,18,20,97,3.64
627,Female,37,30,68,49,3.5
628,Male,28,1,40,63,6.61
629,Female,4,13,69,88,2.03
630,Male,49,11,25,43,4.11
631,Female,40,19,46,58,9.85
632,Male,34,19,91,1,7.68
633,Female,15,20,21,92,2.68
634,Male,48,1,88,88,2.73
635,Bigender,49,12,44,72,8.79
636,Female,5,1,2,33,1.2
637,Male,47,23,96,92,8.65
638,Female,35,15,53,42,5.75
639,Male,33,1,57,22,4.07
640,Male,19,2,11,66,8.86
641,Male,47,11,67,67,2.67
642,Female,22,29,24,49,9.14
643,Female,50,31,24,89,6.77
644,Non-binary,2,33,47,32,5.89
645,Male,6,12,2,29,2.93
646,Female,2,3,95,85,2.8
647,Female,0,19,73,94,9.67
648,Male,4,18,97,26,7.51
649,Female,0,13,1,91,0.9
650,Female,1,46,32,51,5.36
651,Male,29,40,84,8,4.45
652,Male,14,18,29,46,7.6
653,Female,32,43,24,82,1.01
654,Female,33,7,79,67,6.85
655,Male,39,47,82,38,6.33
656,Female,10,33,60,6,8.98
657,Female,47,20,56,3,6.69
658,Male,28,41,0,81,6.6
659,Female,13,27,9,40,8.58
660,Female,15,39,10,71,0.44
661,Female,34,24,32,24,0.31
662,Female,4,26,98,48,3.12
663,Female,22,20,68,87,6.07
664,Male,25,37,43,48,3.29
665,Female,34,27,88,7,1.25
666,Female,41,26,60,33,4.84
667,Male,38,34,77,19,8.64
668,Female,39,48,38,44,1.24
669,Female,32,2,67,65,8.54
670,Male,2,2,25,85,8.03
671,Female,42,29,55,19,8.03
672,Male,13,6,87,23,7.05
673,Female,17,9,5,56,8.73
674,Female,39,20,55,72,3.14
675,Male,21,29,0,92,8.2
676,Male,10,43,81,27,4.54
677,Male,8,45,28,26,2.48
678,Female,4,19,40,13,1.73
679,Male,13,13,26,40,7.36
680,Female,30,15,52,83,9.49
681,Male,35,21,45,33,9.13
682,Male,8,15,61,38,2.45
683,Female,29,31,23,82,4.27
684,Male,49,42,62,87,3.46
685,Female,46,40,87,4,6.72
686,Female,10,41,29,92,2.99
687,Male,37,6,25,28,4.85
688,Female,33,12,48,30,1.23
689,Male,26,20,11,71,8.89
690,Female,8,6,74,73,2.2
691,Male,24,42,52,94,4.56
692,Female,3,4,88,18,7.96
693,Male,12,46,35,65,0.2
694,Male,7,37,58,4,5.43
695,Female,11,19,89,67,0.96
696,Male,44,24,11,38,5.42
697,Female,39,25,8,54,9.77
698,Male,10,35,2,68,5.92
699,Male,37,43,37,82,6.59
700,Female,6,2,54,9,3.49
701,Male,44,42,14,64,6.48
702,Male,43,14,73,28,4.56
703,Male,47,15,13,97,5.27
704,Female,43,29,45,62,2.42
705,Male,44,24,71,28,8.23
706,Female,42,46,81,11,3.93
707,Female,26,47,7,84,0.73
708,Genderfluid,24,23,37,27,6.05
709,Female,45,18,35,73,1.45
710,Female,38,11,79,96,1.8
711,Female,0,24,93,29,6.79
712,Female,10,14,81,40,2.9
713,Female,27,0,37,53,6.63
714,Female,11,46,4,81,0.83
715,Female,20,0,8,0,7.66
716,Male,40,20,29,83,8.7
717,Bigender,13,37,81,14,3.72
718,Male,23,5,25,53,4.87
719,Male,12,22,25,41,1.92
720,Male,13,44,0,31,3.3
721,Male,46,40,22,85,1.54
722,Male,42,48,14,14,3.68
723,Male,7,16,52,15,9.37
724,Polygender,29,21,49,4,0.77
725,Male,29,44,95,74,9.69
726,Male,15,42,61,28,8.53
727,Male,8,4,14,88,8.05
728,Female,13,45,19,90,4.5
729,Female,22,33,48,47,4.05
730,Female,13,12,23,85,7.73
731,Female,48,50,54,23,6.74
732,Male,28,38,49,86,3.69
733,Female,9,16,3,67,5.8
734,Female,6,37,65,7,2.86
735,Female,45,2,87,38,5.1
736,Male,43,49,100,12,3.46
737,Male,44,21,49,13,1.31
738,Female,46,6,92,92,6.34
739,Male,5,38,18,59,3.5
740,Female,46,28,77,3,7.38
741,Male,27,8,54,19,3.98
742,Female,44,41,71,57,7.63
743,Agender,34,50,49,78,3.84
744,Female,21,43,17,66,8.97
745,Male,1,4,87,0,5.59
746,Male,38,25,29,76,8.61
747,Male,16,10,49,100,7.99
748,Male,16,14,4,85,5.92
749,Female,17,5,78,45,0.86
750,Female,41,14,66,88,6.86
751,Genderfluid,3,34,15,1,4.72
752,Female,23,8,45,67,1.89
753,Female,37,18,69,59,1.79
754,Female,31,41,28,32,0.53
755,Female,42,9,61,85,2.26
756,Female,3,1,69,32,0.84
757,Female,21,41,22,33,7.12
758,Female,25,20,17,67,7.15
759,Non-binary,42,15,91,89,7.36
760,Male,35,33,45,65,6.21
761,Male,21,30,5,40,5.73
762,Female,26,21,38,43,4.38
763,Female,41,43,50,52,0.72
764,Male,12,10,34,35,9.7
765,Male,28,33,58,65,6.29
766,Male,48,37,76,58,8.99
767,Female,20,28,19,95,6.26
768,Male,26,50,4,100,0.08
769,Male,23,50,2,82,2.66
770,Male,20,5,51,56,2.6
771,Female,0,23,91,69,8.68
772,Male,36,35,47,67,2.88
773,Male,3,13,8,37,6.31
774,Genderqueer,49,26,0,22,9.99
775,Genderfluid,29,33,80,16,1.25
776,Female,45,16,7,73,8.07
777,Female,22,23,6,71,1.19
778,Female,4,22,56,38,7.06
779,Male,7,16,53,65,0.14
780,Female,7,25,39,22,4.35
781,Male,37,0,15,35,4.63
782,Female,17,13,83,62,8.71
783,Female,20,0,47,28,6.04
784,Genderqueer,40,28,57,95,2.78
785,Bigender,10,31,45,42,5.51
786,Female,26,22,73,88,7.25
787,Male,5,6,43,8,4.55
788,Male,18,22,64,66,7.38
789,Female,12,18,56,78,2.15
790,Male,27,46,58,7,2.8
791,Female,8,40,0,33,9.38
792,Male,0,39,16,57,0.42
793,Female,27,27,58,57,7.09
794,Female,11,33,6,86,0.81
795,Female,31,20,5,86,2.6
796,Male,13,33,49,27,6.03
797,Male,38,34,69,6,3.63
798,Agender,32,22,38,88,1.74
799,Male,1,48,1,46,3.82
800,Non-binary,34,7,78,58,9.12
801,Male,37,24,79,29,0.75
802,Male,24,7,91,96,5.96
803,Genderfluid,11,48,4,100,1.31
804,Bigender,45,7,34,44,0.9
805,Polygender,3,50,40,78,9.33
806,Female,25,25,12,12,5.26
807,Female,45,47,80,48,2.45
808,Female,7,46,14,7,9.83
809,Male,17,49,10,86,4.21
810,Male,48,35,19,80,3.95
811,Female,34,38,90,90,7.52
812,Female,50,23,68,80,6.02
813,Male,5,27,54,72,3.64
814,Female,35,35,93,28,4.86
815,Male,13,23,5,24,0.23
816,Agender,22,44,16,49,8.09
817,Female,16,6,29,32,1.34
818,Male,16,35,10,28,8.93
819,Male,30,11,23,56,8.73
820,Female,13,18,22,41,3.84
821,Female,12,28,75,60,9.31
822,Male,50,23,66,87,3.43
823,Male,41,21,4,95,1.29
824,Female,3,49,38,11,2.63
825,Female,5,40,32,25,9.67
826,Polygender,45,42,44,75,6.52
827,Male,1,32,35,22,3.06
828,Male,40,13,25,52,1.76
829,Female,25,42,51,5,4.31
830,Female,29,48,78,66,8.95
831,Female,38,21,64,44,8.67
832,Male,13,36,3,60,5.99
833,Genderqueer,47,39,83,76,9.02
834,Male,50,41,0,71,5.6
835,Male,30,49,57,70,2.88
836,Female,0,11,3,56,7.15
837,Female,10,48,56,95,8.53
838,Male,40,0,42,65,9.73
839,Female,13,37,2,100,6.88
840,Female,27,43,51,38,5.92
841,Female,30,9,85,55,1.2
842,Male,40,14,4,48,5.05
843,Male,42,35,82,76,4.15
844,Female,35,50,70,100,5.13
845,Female,3,3,42,72,5.03
846,Female,26,23,32,75,3.77
847,Male,4,37,92,55,6.87
848,Male,15,31,18,27,9.74
849,Male,46,14,23,31,9.08
850,Female,40,34,79,87,1.79
851,Female,12,20,63,28,9.96
852,Female,12,23,43,60,9.58
853,Male,3,44,27,46,0.37
854,Male,4,43,28,78,5.53
855,Female,16,0,68,37,0.23
856,Female,45,28,19,53,1.3
857,Male,22,30,67,45,7.79
858,Male,21,2,35,87,2.73
859,Male,36,34,28,31,3.59
860,Male,30,2,42,32,5.23
861,Male,10,11,63,62,3.48
862,Male,8,33,66,16,1.1
863,Male,41,35,82,7,0.28
864,Male,0,2,16,72,3.53
865,Male,40,30,84,86,7.06
866,Genderfluid,8,22,48,80,6.74
867,Male,38,12,39,43,4.26
868,Polygender,49,19,61,59,4.16
869,Male,50,10,2,5,5.47
870,Female,13,37,80,68,5.91
871,Female,25,4,64,100,8.74
872,Male,13,22,41,99,4.81
873,Bigender,50,47,52,22,5.96
874,Male,42,20,14,51,0.63
875,Male,48,19,69,22,8.4
876,Male,11,24,8,13,4.6
877,Female,1,40,60,8,0.29
878,Female,0,40,18,31,9.7
879,Male,31,32,47,84,8.02
880,Male,47,38,22,86,6.99
881,Female,6,40,50,65,7.27
882,Male,19,3,35,8,6.45
883,Female,1,15,2,78,0.42
884,Female,30,50,51,16,4.25
885,Male,46,45,44,0,5.0
886,Male,39,6,72,29,6.36
887,Male,28,40,8,34,8.97
888,Female,36,0,70,8,7.34
889,Bigender,31,26,58,96,8.5
890,Polygender,46,25,11,39,4.44
891,Agender,50,34,98,24,7.94
892,Male,24,28,66,37,9.75
893,Genderqueer,48,13,82,100,9.99
894,Male,24,17,37,24,5.41
895,Male,2,27,23,29,8.14
896,Female,20,34,1,11,9.49
897,Female,15,46,25,52,0.5
898,Male,43,41,70,0,4.74
899,Male,21,18,82,94,8.3
900,Female,27,30,27,25,6.4
901,Non-binary,7,29,9,17,6.46
902,Female,50,39,33,22,1.95
903,Female,13,46,48,40,7.99
904,Male,2,47,17,12,5.51
905,Female,45,9,68,72,5.13
906,Female,20,35,67,66,1.7
907,Male,10,42,44,49,2.69
908,Female,23,44,79,100,5.44
909,Female,15,50,72,46,2.47
910,Male,33,12,67,57,8.23
911,Female,18,17,75,23,6.54
912,Female,46,4,1,15,1.09
913,Female,29,45,86,47,8.41
914,Female,28,38,98,6,9.96
915,Female,42,42,15,84,6.05
916,Female,17,12,38,19,8.43
917,Male,31,33,64,40,6.53
918,Male,37,33,26,58,1.78
919,Male,49,32,19,53,0.49
920,Female,1,37,27,0,8.98
921,Male,26,39,79,9,1.56
922,Male,36,21,39,33,2.98
923,Male,15,8,3,37,5.61
924,Male,1,2,6,76,5.78
925,Male,15,18,18,83,5.43
926,Male,3,23,10,8,5.3
927,Female,4,3,69,37,2.12
928,Male,0,45,55,84,6.55
929,Male,9,6,67,20,5.69
930,Genderqueer,48,22,8,12,1.91
931,Male,0,34,23,15,1.29
932,Female,5,9,72,49,9.11
933,Male,26,22,89,90,3.41
934,Male,44,21,75,66,1.88
935,Male,49,28,54,61,6.46
936,Male,3,9,99,82,2.77
937,Female,0,10,73,55,5.61
938,Female,15,34,83,54,0.65
939,Female,41,22,98,13,8.42
940,Female,31,41,73,52,0.15
941,Bigender,7,29,43,86,8.04
942,Female,28,10,68,26,0.05
943,Female,17,5,82,41,3.12
944,Male,50,2,36,71,1.98
945,Polygender,27,41,15,8,4.79
946,Genderfluid,35,19,48,14,2.91
947,Female,49,44,43,19,9.39
948,Female,6,16,13,10,8.03
949,Agender,29,0,9,68,8.65
950,Male,26,31,59,10,9.67
951,Male,1,42,86,46,1.68
952,Male,6,45,16,93,5.83
953,Agender,42,26,24,64,2.32
954,Male,8,16,38,32,4.25
955,Male,50,46,90,41,0.95
956,Male,7,36,90,28,4.53
957,Female,24,49,57,77,7.95
958,Female,28,48,82,87,5.02
959,Female,34,36,41,80,9.13
960,Male,4,18,74,19,7.25
961,Male,12,46,84,47,7.4
962,Female,4,22,60,51,3.14
963,Female,10,44,48,25,9.89
964,Male,48,13,18,37,7.9
965,Bigender,30,35,63,98,9.81
966,Female,44,44,5,18,2.47
967,Male,38,37,18,97,7.42
968,Male,27,44,95,80,6.05
969,Female,19,11,6,11,9.94
970,Male,17,41,85,13,9.6
971,Male,27,27,96,5,5.02
972,Female,8,47,67,35,9.81
973,Male,14,19,87,25,8.34
974,Male,40,18,70,5,2.66
975,Male,44,20,17,31,6.01
976,Male,43,10,38,38,0.1
977,Female,13,39,2,22,2.46
978,Female,30,49,20,31,1.2
979,Male,35,18,16,43,4.05
980,Male,46,45,83,15,4.84
981,Female,39,13,27,55,9.77
982,Polygender,37,24,91,21,4.15
983,Female,7,47,19,2,1.5
984,Female,30,35,27,12,7.02
985,Male,11,2,54,33,2.67
986,Bigender,45,8,57,18,9.49
987,Female,35,29,0,51,8.94
988,Female,41,1,44,49,0.91
989,Female,34,15,81,96,4.83
990,Female,50,30,8,98,8.71
991,Male,47,16,6,71,6.05
992,Female,21,3,51,97,5.05
993,Bigender,16,35,98,12,0.58
994,Male,32,22,99,17,6.42
995,Male,14,11,78,30,4.88
996,Female,21,1,95,70,1.14
997,Bigender,7,46,85,94,0.79
998,Male,23,12,69,40,3.83
999,Female,14,46,40,27,5.56
1000,Female,5,48,7,65,7.49
